<?xml version="1.0" encoding="UTF-8"?>
<monster name="Deepling Guard" nameDescription="a deepling guard" race="blood" experience="2100" speed="220" manacost="390">
	<health now="1900" max="1900" />
	<look type="442" corpse="15187" />
	<targetchange interval="4000" chance="10" />
	<flags>
		<flag summonable="1" />
		<flag attackable="1" />
		<flag hostile="1" />
		<flag illusionable="1" />
		<flag convinceable="1" />
		<flag pushable="0" />
		<flag canpushitems="1" />
		<flag canpushcreatures="0" />
		<flag targetdistance="0" />
		<flag staticattack="70" />
		<flag runonhealth="20" />
	</flags>
	<attacks>
		<attack name="melee" interval="2000" skill="90" attack="80" />
		<attack name="physical" interval="2000" chance="20" range="7" target="1" min ="-0" max="-200">
			<attribute key="shootEffect" value="whirlwindsword" />
		</attack>
		<attack name="drown" interval="2000" chance="15" range="7" target="1" min ="-100" max="-150">
			<attribute key="shootEffect" value="spear" />
			<attribute key="areaEffect" value="bluebubble" />
		</attack>
	</attacks>
	<defenses armor="35" defense="35">
		<defense name="healing" interval="2000" chance="10" min="100" max="200">
			<attribute key="areaEffect" value="blueshimmer" />
		</defense>
	</defenses>
	<elements>
		<element energyPercent="-20" />
		<element earthPercent="-20" />
		<element deathPercent="10" />
	</elements>
		<immunities>
		<immunity ice="1" />
		<immunity drown="1" />
		<immunity fire="1" />
		<immunity invisible="1" />
		<immunity paralyze="1" />
		</immunities>
	<voices interval="5000" chance="10">
		<voice sentence="QJELL NETA NA!!" />
	</voices>
	<loot>
		<item id="2148" countmax="90" chance="100000" /> <!-- gold coin -->
		<item id="2148" countmax="90" chance="100000" /> <!-- gold coin -->
		<item id="2152" countmax="2" chance="70000" /> <!-- platinum coin -->
		<item id="15424" chance="16666" /> <!-- deepling breaktime snack -->
		<item id="7591" countmax="3" chance="14285" /> <!-- great health potion -->
		<item id="7590" countmax="3" chance="14285" /><!-- great mana potion -->
		<item id="15423" chance="12500" /> <!-- deepling guard belt buckle -->
		<item id="13870" chance="10000" /><!-- eye of a deepling -->
		<item id="15455" chance="9090" /><!-- deepling claw -->
		<item id="2146" countmax="3" chance="2890" /><!-- small sapphire -->
		<item id="13838" chance="1694" /> <!-- heavy trident -->
		<item id="15454" chance="925" /> <!-- guardian axe -->
		<item id="15647" chance="751" /> <!-- deepling squelcher -->
		<item id="15644" chance="362" /> <!-- ornate crossbow -->
		<item id="15645" chance="333" /> <!-- deepling backpack -->
		<item id="15545" chance="10" /> <!-- foxtail -->
	</loot>
</monster>
