<?xml version="1.0" encoding="UTF-8"?>
<monster name="Deepling Worker" nameDescription="a deepling worker" race="blood" experience="130" speed="210" manacost="0">
	<health now="190" max="190" />
	<look type="470" corpse="15497" />
	<targetchange interval="4000" chance="10" />
	<flags>
		<flag summonable="0" />
		<flag attackable="1" />
		<flag hostile="1" />
		<flag illusionable="0" />
		<flag convinceable="0" />
		<flag pushable="1" />
		<flag canpushitems="1" />
		<flag canpushcreatures="1" />
		<flag targetdistance="0" />
		<flag runonhealth="20" />
	</flags>
	<attacks>
		<attack name="melee" interval="2000" skill="30" attack="40" />
	</attacks>
	<defenses armor="10" defense="10" />
	<elements>
		<element energyPercent="-20" />
		<element earthPercent="-20" />
	</elements>
	<immunities>
		<immunity invisible="1" />
		<immunity paralyze="1" />
		<immunity drown="1" />
		<immunity fire="1" />
		<immunity ice="1" />
	</immunities>
	<voices interval="5000" chance="10">
		<voice sentence="Qjell afar gou jey!" />
	</voices>
	<loot>
		<item id="2148" countmax="25" chance="70000" /> <!-- gold coin -->
		<item id="15430" chance="6950" /> <!-- deepling scales -->
		<item id="13838" chance="510" /> <!-- heavy trident -->
		<item id="5895" chance="350" /><!-- fish fin -->
		<item id="13870" chance="283" /><!-- eye of a deepling -->
		<item id="2667" countmax="3" chance="12020" /> <!-- fish -->
		<item id="2149" countmax="3" chance="110" /> <!-- small emerald -->
	</loot>
</monster>
