<?xml version="1.0" encoding="utf-8"?>
<monster name="Dworc Venomsniper" namedescription="a dworc venomsniper" race="blood" experience="35" speed="180" manacost="0">
	<health now="80" max="80" />
	<look type="216" corpse="6059" />
	<targetchange interval="4000" chance="0" />
	<flags>
		<flag summonable="0" />
		<flag attackable="1" />
		<flag hostile="1" />
		<flag illusionable="1" />
		<flag convinceable="1" />
		<flag pushable="1" />
		<flag canpushitems="0" />
		<flag canpushcreatures="0" />
		<flag targetdistance="4" />
		<flag staticattack="90" />
		<flag runonhealth="15" />
	</flags>
	<attacks>
		<attack name="melee" interval="2000" skill="10" attack="15" />
		<attack name="poisoncondition" interval="2000" chance="15" range="5" min="-20" max="-40">
			<attribute key="shooteffect" value="poison" />
		</attack>
	</attacks>
	<defenses armor="10" defense="10" />
	<elements>
		<element holyPercent="20" />
		<element firePercent="-15" />
		<element deathPercent="-10" />
		<element icePercent="-13" />
	</elements>
	<immunities>
		<immunity earth="1" />
	</immunities>
	<voices interval="5000" chance="10">
		<voice sentence="Brak brrretz!" />
		<voice sentence="Grow truk grrrrr." />
		<voice sentence="Prek tars, dekklep zurk." />
	</voices>
	<loot>
		<item id="2148" countmax="13" chance="75000" /><!-- gold coin -->
		<item id="2229" countmax="2" chance="1000" /><!-- skull -->
		<item id="2467" chance="10000" /><!-- leather armor -->
		<item id="2545" countmax="3" chance="5000" /><!-- poison arrow -->
		<item id="2050" chance="6000" /><!-- torch -->
		<item id="2399" countmax="2" chance="8000" /><!-- trowing knife -->
		<item id="2411" chance="1500" /><!-- poison dagger -->
		<item id="3967" chance="510" /><!-- tribal mask -->
		<item id="2172" chance="110" /><!-- bronze amulet -->
		<item id="3983" chance="100" /><!-- bask skirt -->
		<item id="7732" chance="200" /><!-- seeds -->
	</loot>
</monster>
