<?xml version="1.0" encoding="UTF-8"?>
<monster name="Spirit of Fire" nameDescription="the spirit of fire" race="blood" experience="950" speed="220" manacost="0">
	<health now="2210" max="2210" />
	<look type="242" corpse="7349" />
	<flags>
		<flag summonable="0" />
		<flag attackable="1" />
		<flag hostile="1" />
		<flag illusionable="0" />
		<flag convinceable="0" />
		<flag pushable="0" />
		<flag canpushitems="1" />
		<flag targetdistance="1" />
	</flags>
	<attacks>
		<attack name="melee" interval="2000" skill="50" attack="100" />
		<attack name="firefield" interval="1000" chance="15" range="7" radius="4" target="1">
			<attribute key="shootEffect" value="fire" />
		</attack>
		<attack name="fire" interval="1000" chance="20" range="7" min="-650" max="-315">
			<attribute key="shootEffect" value="fire" />
		</attack>
	</attacks>
	<defenses armor="25" defense="25" />
	<elements>
		<element energyPercent="20" />
		<element icePercent="-10" />
	</elements>
	<immunities>
		<immunity fire="1" />
		<immunity outfit="1" />
		<immunity drunk="1" />
		<immunity invisible="1" />
	</immunities>
	<voices interval="5000" chance="6">
		<voice sentence="Feel the heat." />
	</voices>
</monster>
