<?xml version="1.0" encoding="UTF-8"?>
<monster name="Leviathan" nameDescription="a leviathan" race="blood" experience="5000" speed="758" manacost="0">
	<health now="6000" max="6000" />
	<look type="275" corpse="8307" />
	<targetchange interval="2000" chance="50" />
	<flags>
		<flag summonable="0" />
		<flag attackable="1" />
		<flag hostile="1" />
		<flag illusionable="0" />
		<flag convinceable="0" />
		<flag pushable="0" />
		<flag canpushitems="1" />
		<flag canpushcreatures="1" />
		<flag targetdistance="0" />
		<flag runonhealth="600" />
	</flags>
	<attacks>
		<attack name="melee" interval="2000" skill="75" attack="70" />
		<attack name="earth" interval="1000" chance="8" length="9" spread="3" min="-130" max="-460">
			<attribute key="areaEffect" value="bigplants" />
		</attack>
		<attack name="ice" interval="1000" chance="10" length="9" spread="3" min="-365" max="-491">
			<attribute key="areaEffect" value="icearea" />
		</attack>
		<attack name="drown" interval="1000" chance="11" radius="4" target="1" min ="-15" max="-20">
			<attribute key="areaEffect" value="bluebubble" />
		</attack>
	</attacks>
	<defenses armor="20" defense="30">
		<defense name="healing" interval="1000" chance="25" min="50" max="150">
			<attribute key="areaEffect" value="blueshimmer" />
		</defense>
	</defenses>
	<immunities>
		<immunity ice="1" />
		<immunity paralyze="1" />
		<immunity invisible="1" />
		<immunity drown="1" />
	</immunities>
	<voices interval="3000" chance="200">
		<voice sentence="CHHHRRRR" />
		<voice sentence="HISSSS" />
	</voices>
	<elements>
		<element firePercent="30" />
		<element energyPercent="-10" />
		<element physicalPercent="-10" />
		<element deathPercent="-10" />
	</elements>
	<loot>
		<item id="2148" countmax="80" chance="40000" /><!-- gold coin -->
		<item id="2152" countmax="6" chance="40000" /><!-- platinum coin -->
		<item id="2146" countmax="3" chance="10000" /><!-- small saphire -->
		<item id="2148" countmax="80" chance="40000" /><!-- gold coin -->
	</loot>
</monster>
