<?xml version="1.0" encoding="UTF-8"?>
<monster name="mad mage" nameDescription="a mad mage" race="blood" experience="1800" speed="240" manacost="0">
	<health now="2200" max="2200" />
	<look type="394" corpse="13603" />
	<targetchange interval="5000" chance="30" />
	<flags>
		<flag summonable="0" />
		<flag attackable="1" />
		<flag hostile="1" />
		<flag illusionable="0" />
		<flag convinceable="0" />
		<flag pushable="0" />
		<flag canpushitems="1" />
		<flag canpushcreatures="1" />
		<flag targetdistance="4" />
		<flag staticattack="90" />
		<flag runonhealth="1000" />
	</flags>
	<attacks>
		<attack name="melee" interval="2000" skill="32" attack="37" />
		<attack name="fire" interval="1000" chance="12" range="7" target="1" min="-50" max="-185">
			<attribute key="shootEffect" value="fire" />
		</attack>
		<attack name="manadrain" interval="1400" chance="24" range="6" min="-30" max="-90">
			<attribute key="shootEffect" value="ice" />
		</attack>
		<attack name="firefield" interval="1600" chance="20" range="7" radius="2" target="1">
			<attribute key="shootEffect" value="fire" />
		</attack>
		<attack name="energy" interval="1900" chance="18" length="8" spread="0" min="-70" max="-150">
			<attribute key="areaEffect" value="bigclouds" />
		</attack>
	</attacks>
	<defenses armor="20" defense="20">
		<defense name="healing" interval="1000" chance="25" min="35" max="80">
			<attribute key="areaEffect" value="blueshimmer" />
		</defense>
	</defenses>
	<elements>
		<element physicalPercent="-20" />
		<element holyPercent="-10" />
		<element earthPercent="50" />
	</elements>
	<immunities>
		<immunity energy="1" />
		<immunity outfit="1" />
		<immunity drunk="1" />
		<immunity invisible="1" />
	</immunities>
	<summons maxSummons="1">
		<summon name="stone golem" interval="1000" chance="10" />
	</summons>
	<loot>
		<item id="7368" chance="2400" countmax="4" /><!-- assassin star :: Atk 65 -->
		<item id="5911" chance="800" /><!-- red poc -->
		<item id="7589" countmax="2" chance="1200" /><!-- strong mana potion -->
		<item id="7588" countmax="5" chance="1300" /><!-- strong health potion -->
		<item id="2148" countmax="66" chance="100000" /><!-- gold coins -->
		<item id="2792" countmax="5" chance="5000" /><!-- dark mushroom -->
		<item id="2148" chance="100000" countmax="20" /><!-- gold coin -->
		<item id="7895" chance="800" /><!-- lightning legs :: Arm 8 -->
	</loot>
</monster>
