<?xml version="1.0" encoding="UTF-8"?>
<monster name="Rocko" nameDescription="Rocko" race="blood" experience="3400" speed="180" manacost="590">
	<health now="10000" max="10000" />
	<look type="67" corpse="6005" />
	<targetchange interval="2000" chance="9" />
	<strategy attack="100" defense="0" />
	<flags>
		<flag summonable="0" />
		<flag attackable="1" />
		<flag hostile="1" />
		<flag illusionable="0" />
		<flag convinceable="0" />
		<flag pushable="0" />
		<flag canpushitems="1" />
		<flag canpushcreatures="1" />
		<flag targetdistance="1" />
		<flag staticattack="90" />
		<flag runonhealth="0" />
	</flags>
	<attacks>
		<attack name="melee" interval="2000" skill="28" attack="100" />
		<attack name="poison" interval="2000" chance="20" length="8" spread="0" min="0" max="-125">
			<attribute key="areaEffect" value="poison" />
		</attack>
		<attack name="physical" interval="2000" chance="20" length="8" spread="0" min="0" max="-411">
			<attribute key="areaEffect" value="groundshaker" />
		</attack>
	</attacks>
	<defenses armor="10" defense="18" />
	<elements>
		<element holyPercent="-10" />
		<element physicalPercent="15" />
		<element firePercent="30" />
		<element energyPercent="25" />
		<element icePercent="20" />
	</elements>
	<immunities>
		<immunity paralyze="1" />
		<immunity earth="1" />
		<immunity death="1" />
		<immunity invisible="1" />
	</immunities>
</monster>
