<?xml version="1.0" encoding="UTF-8"?>
<monster name="Rotworm Queen" nameDescription="a rotworm queen" race="blood" experience="300" speed="126" manacost="0">
	<health now="85" max="85" />
	<look type="295" corpse="8947" />
	<targetchange interval="60000" chance="0" />
	<flags>
		<flag summonable="0" />
		<flag attackable="1" />
		<flag hostile="1" />
		<flag illusionable="0" />
		<flag convinceable="0" />
		<flag pushable="0" />
		<flag canpushitems="0" />
		<flag staticattack="50" />
		<flag targetdistance="1" />
		<flag runonhealth="0" />
	</flags>
	<attacks>
		<attack name="melee" interval="2000" min="-5" max="-80" />
	</attacks>
	<defenses armor="10" defense="15" />
	<loot>
		<item id="2148" countmax="47" chance="100000" /><!-- gold coin -->
		<item id="8971" chance="3333" /><!-- gland -->
		<item id="3976" countmax="45" chance="20000" /><!-- worm -->
	</loot>
</monster>
