<?xml version="1.0" encoding="UTF-8"?>
<monster name="Sharptooth" nameDescription="a sharptooth" race="blood" experience="1600" speed="290" manacost="0">
	<health now="2500" max="2500" />
	<look type="20" corpse="6067" />
	<targetchange interval="5000" chance="8" />
	<flags>
		<flag summonable="0" />
		<flag attackable="1" />
		<flag hostile="1" />
		<flag illusionable="1" />
		<flag convinceable="0" />
		<flag pushable="0" />
		<flag canpushitems="1" />
		<flag canpushcreatures="1" />
		<flag staticattack="90" />
		<flag targetdistance="1" />
		<flag runonhealth="0" />
	</flags>
	<attacks>
		<attack name="melee" interval="2000" skill="30" attack="500" />
	</attacks>
	<defenses armor="20" defense="29">
		<defense name="speed" interval="2000" chance="15" speedchange="210">
			<attribute key="areaEffect" value="greenshimmer" />
		</defense>
		<defense name="healing" interval="2000" chance="12" min="200" max="240">
			<attribute key="areaEffect" value="blueshimmer" />
		</defense>
	</defenses>
	<elements>
		<element energyPercent="-5" />
		<element earthPercent="80" />
	</elements>
	<immunities>
		<immunity ice="1" />
		<immunity fire="1" />
		<immunity lifedrain="1" />
		<immunity invisible="1" />
	</immunities>
	<voices interval="5000" chance="10">
		<voice sentence="Gnarrr!" />
		<voice sentence="Tcharrr!" />
		<voice sentence="Rrrah!" />
		<voice sentence="Rraaar!" />
	</voices>
	<loot>
		<item id="2226" chance="50000" /><!-- fishbone -->
	</loot>
</monster>
