<?xml version="1.0" encoding="UTF-8"?>
<monster name="Snake God Essence" nameDescription="snake god essence" race="blood" experience="1350" speed="300" manacost="0">
	<health now="20000" max="20000" />
	<look type="356" corpse="12385" />
	<targetchange interval="2000" chance="10" />
	<flags>
		<flag summonable="0" />
		<flag attackable="1" />
		<flag hostile="1" />
		<flag illusionable="0" />
		<flag convinceable="0" />
		<flag pushable="0" />
		<flag canpushitems="1" />
		<flag canpushcreatures="1" />
		<flag targetdistance="1" />
		<flag runonhealth="0" />
	</flags>
	<attacks>
		<attack name="melee" interval="2000" skill="90" attack="160" />
		<attack name="lifedrain" interval="2000" chance="40" length="8" spread="0" max="-300">
			<attribute key="areaEffect" value="redshimmer" />
		</attack>
		<attack name="earth" interval="2000" chance="50" radius="6" min="-150" max="-270">
			<attribute key="areaEffect" value="greenshimmer" />
		</attack>
	</attacks>
	<defenses armor="70" defense="65" />
	<elements>
		<element firePercent="-10" />
		<element energyPercent="-10" />
		<element physicalPercent="10" />
		<element icePercent="20" />
	</elements>
	<immunities>
		<immunity earth="1" />
		<immunity invisible="1" />
		<immunity paralyze="1" />
	</immunities>
	<voices interval="2000" chance="10">
		<voice sentence="AHHH ZHE POWER..." yell="1" />
		<voice sentence="ZHE TIME OF ZHE SNAKE HAZ COME!" yell="1" />
	</voices>
</monster>
