<?xml version="1.0" encoding="UTF-8"?>
<monster name="Splasher" nameDescription="a splasher" race="blood" experience="500" speed="520" manacost="480">
	<health now="1000" max="1000" />
	<look type="72" head="0" body="0" legs="0" feet="0" corpse="6064" />
	<targetchange interval="5000" chance="8" />
	<flags>
		<flag summonable="0" />
		<flag attackable="1" />
		<flag hostile="1" />
		<flag illusionable="0" />
		<flag convinceable="1" />
		<flag pushable="0" />
		<flag canpushitems="1" />
		<flag canpushcreatures="0" />
		<flag staticattack="90" />
		<flag targetdistance="1" />
		<flag runonhealth="40" />
	</flags>
	<attacks>
		<attack name="melee" interval="1000" skill="60" attack="109" />
		<attack name="lifedrain" interval="2000" chance="8" range="7" target="1" min="-162" max="-228">
			<attribute key="areaEffect" value="redshimmer" />
		</attack>
		<attack name="lifedrain" interval="2000" chance="7" length="8" spread="3" min="-106" max="-169">
			<attribute key="areaEffect" value="greenspark" />
		</attack>
		<attack name="ice" interval="2000" chance="9" length="8" spread="0" min="-134" max="-148">
			<attribute key="areaEffect" value="bubbles" />
		</attack>
		<attack name="ice" interval="2000" chance="12" radius="3" target="0" min="-101" max="-149">
			<attribute key="areaEffect" value="bubbles" />
		</attack>
	</attacks>
	<defenses armor="15" defense="15">
		<defense name="healing" interval="2000" chance="10" min="100" max="120">
			<attribute key="areaEffect" value="blueshimmer" />
		</defense>
	</defenses>
	<elements>
		<element energyPercent="-25" />
		<element earthPercent="-15" />
	</elements>
	<immunities>
		<immunity ice="1" />
		<immunity fire="1" />
		<immunity drown="1" />
		<immunity paralyze="1" />
	</immunities>
	<voices interval="5000" chance="10">
		<voice sentence="Qua hah tsh!" />
		<voice sentence="Teech tsha tshul!" />
		<voice sentence="Quara tsha Fach!" />
		<voice sentence="Tssssha Quara!" />
		<voice sentence="Blubber." />
		<voice sentence="Blup." />
	</voices>
</monster>
