<?xml version="1.0" encoding="UTF-8"?>
<monster name="The Handmaiden" nameDescription="the handmaiden" race="blood" experience="3850" speed="450" manacost="0">
	<health now="14500" max="14500" />
	<look type="230" corpse="6312" />
	<targetchange interval="5000" chance="8" />
	<flags>
		<flag summonable="0" />
		<flag attackable="1" />
		<flag hostile="1" />
		<flag illusionable="1" />
		<flag convinceable="0" />
		<flag pushable="0" />
		<flag canpushitems="1" />
		<flag canpushcreatures="1" />
		<flag targetdistance="1" />
		<flag staticattack="70" />
		<flag runonhealth="3100" />
	</flags>
	<attacks>
		<attack name="melee" interval="2000" min="0" max="-800" />
		<attack name="manadrain" interval="2000" chance="25" range="7" min="-150" max="-800">
			<attribute key="areaEffect" value="blueshimmer" />
		</attack>
		<attack name="drunk" interval="1000" chance="12" range="1" target="1" />
	</attacks>
	<defenses armor="25" defense="35">
		<defense name="speed" interval="3000" chance="12" speedchange="380" duration="8000">
			<attribute key="areaEffect" value="redshimmer" />
		</defense>
		<defense name="invisible" interval="4000" chance="50" duration="6000">
			<attribute key="areaEffect" value="redshimmer" />
		</defense>
		<defense name="healing" interval="2000" chance="50" min="100" max="250">
			<attribute key="areaEffect" value="blueshimmer" />
		</defense>
		<defense name="speed" interval="1000" chance="35" speedchange="370" duration="30000">
			<attribute key="areaEffect" value="redshimmer" />
		</defense>
	</defenses>
	<immunities>
		<immunity energy="1" />
		<immunity fire="1" />
		<immunity ice="1" />
		<immunity poison="1" />
		<immunity lifedrain="1" />
		<immunity paralyze="1" />
		<immunity outfit="1" />
		<immunity drunk="1" />
		<immunity invisible="1" />
	</immunities>
	<loot>
		<item id="6539" chance="35000" /><!-- handmaiden's protector -->
	</loot>
</monster>
