<?xml version="1.0" encoding="UTF-8"?>
<monster name="The Axeorcist" nameDescription="The Axeorcist" race="blood" experience="3000" speed="250">
	<health now="5000" max="5000" />
	<look type="8" corpse="5980" />
	<targetchange interval="2000" chance="9" />
	<flags>
		<flag summonable="0" />
		<flag attackable="1" />
		<flag hostile="1" />
		<flag illusionable="0" />
		<flag convinceable="0" />
		<flag pushable="0" />
		<flag canpushitems="1" />
		<flag canpushcreatures="1" />
		<flag targetdistance="1" />
		<flag staticattack="90" />
		<flag runonhealth="0" />
	</flags>
	<attacks>
		<attack name="melee" interval="2000" skill="45" attack="100" />
	</attacks>
	<defenses armor="15" defense="12">
	</defenses>
	<immunities>
		<immunity invisible="1" />
	</immunities>
	<elements>
		<element earthPercent="-10" />
		<element energyPercent="-10" />
		<element deathPercent="-10" />
		<element holyPercent="10" />
	</elements>
	<voices interval="2000" chance="9">
		<voice sentence="DEESTRUCTIOON!" yell="1" />
		<voice sentence="Blood! Carnage! Muhahaha!" yell="1" />
	</voices>
</monster>
