<?xml version="1.0" encoding="UTF-8"?>
<monster name="Warlord Ruzad" nameDescription="the warlord ruzad" race="blood" experience="1700" speed="270" manacost="0">
	<health now="1950" max="1950" />
	<look type="2" head="20" body="30" legs="40" feet="50" corpse="6008" />
	<targetchange interval="2000" chance="10" />
	<flags>
		<flag summonable="0" />
		<flag attackable="1" />
		<flag hostile="1" />
		<flag illusionable="0" />
		<flag convinceable="0" />
		<flag pushable="0" />
		<flag canpushitems="1" />
		<flag canpushcreatures="1" />
		<flag targetdistance="1" />
		<flag staticattack="90" />
		<flag runonhealth="0" />
	</flags>
	<attacks>
		<attack name="melee" interval="2000" skill="65" attack="80" />
	</attacks>
	<defenses armor="32" defense="35" />
	<immunities>
		<immunity invisible="1" />
		<immunity paralyze="1" />
	</immunities>
	<elements>
		<element firePercent="80" />
		<element energyPercent="30" />
		<element holyPercent="10" />
		<element earthPercent="-10" />
		<element deathPercent="-10" />
	</elements>
	<summons maxSummons="3">
		<summon name="Orc Berserker" interval="2000" chance="30" max="3" />
	</summons>
	<loot>
		<item id="2148" chance="50000" countmax="59" /><!-- gold coin -->
		<item id="2666" chance="20000" countmax="3" /><!-- meat -->
		<item id="2667" chance="6667" countmax="1" /><!-- fish -->
		<item id="2392" chance="8970" /><!-- fire sword -->
		<item id="2463" chance="7333" /><!-- plate armor -->
		<item id="2399" chance1="6666" countmax="18" /><!-- throwing star -->
		<item id="2428" chance="13000" /><!-- orcish axe -->
		<item id="2478" chance="3333" /><!-- brass legs -->
		<item id="2200" chance="9000" /><!-- protection amulet -->
		<item id="2377" chance="18180" /><!-- two-handed sword -->
		<item id="2497" chance="6670" /><!-- crusader helmet -->
		<item id="2179" chance="5506" /><!-- gold ring -->
	</loot>
</monster>
