<?xml version="1.0" encoding="UTF-8"?>
<monster name="Yaga The Crone" nameDescription="an yaga the crone" race="blood" experience="375" speed="240" manacost="0">
	<health now="620" max="620" />
	<look type="54" corpse="6081" />
	<targetchange interval="5000" chance="8" />
	<flags>
		<flag summonable="0" />
		<flag attackable="1" />
		<flag hostile="1" />
		<flag illusionable="0" />
		<flag convinceable="0" />
		<flag pushable="0" />
		<flag canpushitems="1" />
		<flag canpushcreatures="0" />
		<flag targetdistance="4" />
		<flag staticattack="90" />
		<flag runonhealth="0" />
	</flags>
	<attacks>
		<attack name="melee" interval="2000" min="0" max="-90" />
		<attack name="fire" interval="2500" chance="50" range="7" min="-30" max="-50">
			<attribute key="shootEffect" value="fire" />
			<attribute key="areaEffect" value="fire" />
		</attack>
		<attack name="poisoncondition" interval="3000" chance="13" range="7" min="-200" max="-300">
			<attribute key="shootEffect" value="poison" />
		</attack>
		<attack name="firefield" interval="2000" chance="13" range="7">
			<attribute key="shootEffect" value="fire" />
		</attack>
	</attacks>
	<defenses armor="15" defense="20">
		<defense name="invisible" interval="1000" chance="9" duration="3000">
			<attribute key="areaEffect" value="redshimmer" />
		</defense>
		<defense name="outfit" interval="4000" chance="9" monster="green frog" duration="4000">
			<attribute key="areaEffect" value="redshimmer" />
		</defense>
	</defenses>
	<elements>
		<element deathPercent="-5" />
		<element earthPercent="1" />
		<element physicalPercent="-1" />
	</elements>
	<immunities>
		<immunity energy="1" />
		<immunity invisible="1" />
	</immunities>
	<voices interval="5000" chance="10">
		<voice sentence="Where did I park my hut?" />
		<voice sentence="You will taste so sweet!" />
		<voice sentence="Hexipooh, bewitched are you!" />
	</voices>
	<loot>
		<item id="2687" countmax="8" chance="30000" />
		<item id="2185" chance="2500" />
		<item id="2651" chance="25000" />
		<item id="2324" chance="15000" />
		<item id="2654" chance="15000" />
		<item id="2129" chance="10000" />
		<item id="8902" chance="2000" />
		<item id="2800" chance="20000" />
		<item id="2199" chance="8000" />
	</loot>
</monster>
