<?xml version="1.0" encoding="UTF-8"?>
<monster name="Zomba" nameDescription="a zomba" race="blood" experience="300" speed="180">
	<health now="300" max="300" />
	<look type="41" corpse="5986" />
	<targetchange interval="5000" chance="8" />
	<flags>
		<flag summonable="0" />
		<flag attackable="1" />
		<flag hostile="1" />
		<flag illusionable="0" />
		<flag convinceable="0" />
		<flag pushable="0" />
		<flag canpushitems="0" />
		<flag canpushcreatures="0" />
		<flag targetdistance="1" />
		<flag staticattack="90" />
		<flag runonhealth="10" />
	</flags>
	<attacks>
		<attack name="melee" interval="2000" skill="30" attack="20" />
	</attacks>
	<defenses armor="6" defense="13" />
	<elements>
		<element earthPercent="20" />
		<element holyPercent="20" />
		<element icePercent="-15" />
		<element deathPercent="-8" />
	</elements>
	<voices interval="5000" chance="10">
		<voice sentence="Groarrr!" />
	</voices>
	<loot>
		<item id="2148" countmax="25" chance="100000" /><!-- gold coin -->
		<item id="10608" countmax="2" chance="100000" /><!-- lion's mane -->
		<item id="2152" chance="25000" /><!-- platinum coin -->
		<item id="2168" chance="12500" /><!-- life ring -->
	</loot>
</monster>
