<?xml version="1.0" encoding="UTF-8"?>
<monster name="Frost Dragon" nameDescription="a frost dragon" race="undead" experience="2100" speed="240" manacost="0">
	<health now="1800" max="1800" />
	<look type="248" corpse="7091" />
	<targetchange interval="4000" chance="10" />
	<flags>
		<flag summonable="0" />
		<flag attackable="1" />
		<flag hostile="1" />
		<flag illusionable="1" />
		<flag convinceable="0" />
		<flag pushable="0" />
		<flag canpushitems="1" />
		<flag canpushcreatures="1" />
		<flag targetdistance="1" />
		<flag staticattack="70" />
		<flag runonhealth="250" />
	</flags>
	<attacks>
		<attack name="melee" interval="2000" skill="57" attack="67" />
		<attack name="lifedrain" interval="2000" chance="10" target="0" length="8" spread="3" min="-175" max="-380">
			<attribute key="areaEffect" value="poff" />
		</attack>
		<attack name="speed" interval="2000" chance="5" target="0" radius="3" speedchange="-700" duration="12000">
			<attribute key="areaEffect" value="poff" />
		</attack>
		<attack name="speed" interval="2000" chance="15" target="0" length="7" spread="3" speedchange="-850" duration="18000">
			<attribute key="areaEffect" value="iceattack" />
		</attack>
		<attack name="ice" interval="2000" chance="5" radius="3" target="0" min="-60" max="-120">
			<attribute key="areaEffect" value="icetornado" />
		</attack>
		<attack name="ice" interval="2000" chance="10" target="1" radius="4" min="-100" max="-240">
			<attribute key="areaEffect" value="icearea" />
		</attack>
		<attack name="physical" interval="2000" chance="5" target="0" length="1" spread="0" min="0" max="-220">
			<attribute key="areaEffect" value="poff" />
		</attack>
		<attack name="speed" interval="2000" chance="20" target="1" radius="4" speedchange="-600" duration="12000">
			<attribute key="areaEffect" value="icearea" />
		</attack>
	</attacks>
	<defenses armor="45" defense="45">
		<defense name="healing" interval="2000" chance="10" min="150" max="200">
			<attribute key="areaEffect" value="blueshimmer" />
		</defense>
		<defense name="speed" interval="2000" chance="15" speedchange="290" duration="5000">
			<attribute key="areaEffect" value="redshimmer" />
		</defense>
	</defenses>
	<elements>
		<element physicalPercent="10" />
		<element deathPercent="10" />
	</elements>
	<immunities>
		<immunity lifedrain="1" />
		<immunity paralyze="1" />
		<immunity invisible="1" />
		<immunity fire="1" />
		<immunity ice="1" />
		<immunity earth="1" />
	</immunities>
	<voices interval="5000" chance="10">
		<voice sentence="YOU WILL FREEZE!" yell="1" />
		<voice sentence="ZCHHHHH!" yell="1" />
		<voice sentence="I am so cool" />
		<voice sentence="Chill out!." />
	</voices>
	<loot>
		<item id="2148" countmax="100" chance="33000" /><!-- gold coin -->
		<item id="2148" countmax="100" chance="33000" /><!-- gold coin -->
		<item id="2148" countmax="42" chance="33000" /><!-- gold coin -->
		<item id="2672" countmax="5" chance="80370" /><!-- dragon ham -->
		<item id="2547" countmax="6" chance="6000" /><!-- power bolt -->
		<item id="2796" chance="12000" /><!-- green mushroom -->
		<item id="1976" chance="8500" /><!-- gemmed book -->
		<item id="2146" chance="5200" /><!-- small sapphire -->
		<item id="7441" chance="4000" /><!-- ice cube -->
		<item id="2167" chance="5000" /><!-- energy ring -->
		<item id="2033" chance="3000" /><!-- golden mug -->
		<item id="7290" chance="550" /><!-- shard -->
		<item id="2177" chance="520" /><!-- life crystal -->
		<item id="2492" chance="80" /><!-- dragon scale mail -->
		<item id="2479" chance="450" /><!-- strange helmet -->
		<item id="2498" chance="210" /><!-- royal helmet -->
		<item id="2528" chance="340" /><!-- tower shield -->
		<item id="7402" chance="120" /><!-- dragon slayer -->
		<item id="2396" chance="350" /><!-- ice rapier -->
	</loot>
</monster>
