<?xml version="1.0" encoding="UTF-8"?>
<monster name="Amazon" nameDescription="a amazon" race="blood" experience="60" speed="180" manacost="390">
	<health now="110" max="110" />
	<look type="137" head="113" body="120" legs="114" feet="132" corpse="20323" />
	<targetchange interval="4000" chance="10" />
	<flags>
		<flag summonable="1" />
		<flag attackable="1" />
		<flag hostile="1" />
		<flag illusionable="1" />
		<flag convinceable="1" />
		<flag pushable="0" />
		<flag canpushitems="1" />
		<flag canpushcreatures="0" />
		<flag targetdistance="4" />
		<flag staticattack="90" />
		<flag runonhealth="10" />
	</flags>
	<attacks>
		<attack name="melee" interval="2000" min="0" max="-45" />
		<attack name="physical" interval="2000" chance="15" range="7" min="0" max="-40">
			<attribute key="shootEffect" value="throwingknife" />
		</attack>
	</attacks>
	<defenses armor="10" defense="10" />
	<elements>
		<element physicalPercent="-5" />
		<element deathPercent="-5" />
	</elements>
	<voices interval="5000" chance="10">
		<voice sentence="Yeeee ha!" />
		<voice sentence="Your head shall be mine!" />
		<voice sentence="Your head will be mine!" />
	</voices>
	<loot>
		<item id="2148" countmax="20" chance="40000" /><!-- gold coin -->
		<item id="2229" countmax="2" chance="80000" /><!-- skull -->
		<item id="2379" chance="80000" /><!-- dagger -->
		<item id="12400" chance="5000" /><!-- Protective Charm -->
		<item id="2691" chance="30333" /><!-- brown bread -->
		<item id="2385" chance="23000" /><!-- sabre -->
		<item id="12399" chance="10000" /><!-- Girlish Hair Decoration -->
		<item id="2050" chance="1005" /><!-- torch -->
		<item id="2125" chance="287" /><!-- crystal necklace -->
		<item id="2147" chance="161" /><!-- small ruby -->
	</loot>
</monster>
