<?xml version="1.0" encoding="UTF-8"?>
<monster name="Massive Energy Elemental" nameDescription="a massive energy elemental" race="energy" experience="950" speed="210" manacost="0">
	<health now="1100" max="1100" />
	<look type="290" corpse="8966" />
	<targetchange interval="4000" chance="15" />
	<flags>
		<flag summonable="0" />
		<flag attackable="1" />
		<flag hostile="1" />
		<flag illusionable="0" />
		<flag convinceable="0" />
		<flag pushable="0" />
		<flag canpushitems="1" />
		<flag staticattack="85" />
		<flag lightlevel="0" />
		<flag lightcolor="0" />
		<flag targetdistance="1" />
		<flag runonhealth="1" />
	</flags>
	<attacks>
		<attack name="melee" interval="2000" skill="40" attack="70" />
		<attack name="energy" interval="2000" chance="10" range="7" radius="2" target="1" min="-270" max="-615">
			<attribute key="shootEffect" value="energy" />
			<attribute key="areaEffect" value="energy" />
		</attack>
		<attack name="energy" interval="2000" chance="15" range="7" target="1" min="-175" max="-205">
			<attribute key="shootEffect" value="energyball" />
			<attribute key="areaEffect" value="energy" />
		</attack>
		<attack name="massive energy elemental electrify" interval="2000" chance="20">
			<attribute key="areaEffect" value="yellowspark" />
		</attack>
	</attacks>
	<defenses armor="20" defense="20">
		<defense name="healing" interval="2000" chance="5" min="190" max="250">
			<attribute key="areaEffect" value="blueshimmer" />
		</defense>
	</defenses>
	<elements>
		<element physicalPercent="70" />
		<element holyPercent="25" />
		<element deathPercent="1" />
		<element earthPercent="-5" />
	</elements>
	<immunities>
		<immunity ice="1" />
		<immunity energy="1" />
		<immunity fire="1" />
		<immunity invisible="1" />
		<immunity paralyze="1" />
	</immunities>
	<loot>
		<item id="2148" countmax="100" chance="50000" /><!-- gold coin -->
		<item id="2148" countmax="91" chance="50000" /><!-- gold coin -->
		<item id="7589" chance="17450" /><!-- strong mana potion -->
		<item id="7638" countmax="15" chance="6550" /><!-- flash arrow -->
		<item id="7590" chance="5450" /><!-- great mana potion -->
		<item id="9809" chance="730" /><!-- rusty armor -->
		<item id="2150" countmax="3" chance="3270" /><!-- small amethysts -->
		<item id="8920" chance="730" /><!-- wand of starstorm -->
		<item id="7889" chance="730" /><!-- lightning pendant -->
		<item id="8901" chance="360" /><!-- spellbook of warding -->
		<item id="7895" chance="150" /><!-- lightning legs -->
		<item id="7869" chance="500" /><!-- energy spike sword -->
		<item id="10221" chance="500" /><!-- shockwave amulet -->
	</loot>
</monster>
