<?xml version="1.0" encoding="UTF-8"?>
<monster name="Blood Crab" nameDescription="a blood crab" race="undead" experience="160" speed="220" manacost="505">
	<health now="290" max="290" />
	<look type="200" corpse="6075" />
	<targetchange interval="4000" chance="10" />
	<flags>
		<flag summonable="1" />
		<flag attackable="1" />
		<flag hostile="1" />
		<flag illusionable="0" />
		<flag convinceable="0" />
		<flag pushable="0" />
		<flag canpushitems="1" />
		<flag canpushcreatures="0" />
		<flag staticattack="90" />
		<flag targetdistance="1" />
		<flag runonhealth="0" />
	</flags>
	<attacks>
		<attack name="melee" interval="2000" skill="40" attack="45" />
	</attacks>
	<defenses armor="20" defense="20" />
	<elements>
		<element physicalPercent="20" />
		<element firePercent="-10" />
		<element energyPercent="-5" />
	</elements>
	<immunities>
		<immunity ice="1" />
		<immunity earth="1" />
		<immunity drown="1" />
	</immunities>
	<loot>
		<item id="2148" countmax="20" chance="90000" /><!-- gold coin -->
		<item id="2667" chance="13000" /><!-- fish -->
		<item id="10550" chance="6260" /><!-- bloody pincers -->
		<item id="2464" chance="5555" /><!-- chain armor -->
		<item id="2478" chance="2170" /><!-- brass legs -->
		<item id="2143" chance="480" /><!-- white pearl -->
	</loot>
</monster>
