<?xml version="1.0" encoding="UTF-8"?>
<monster name="Breeze" nameDescription="Breeze" race="fire" experience="10000" speed="340" manacost="0">
	<health now="40000" max="40000" />
	<look type="12" head="120" body="128" legs="121" feet="111" corpse="6068" />
	<targetchange interval="5000" chance="8" />
	<flags>
		<flag summonable="0" />
		<flag attackable="1" />
		<flag hostile="1" />
		<flag illusionable="0" />
		<flag convinceable="0" />
		<flag pushable="0" />
		<flag canpushitems="1" />
		<flag canpushcreatures="1" />
		<flag targetdistance="1" />
		<flag staticattack="85" />
		<flag runonhealth="0" />
	</flags>
	<attacks>
		<attack name="melee" interval="2000" skill="120" attack="135" />
		<attack name="fire" interval="1000" chance="10" length="7" spread="0" min="-50" max="-1000">
			<attribute key="areaEffect" value="explosion" />
		</attack>
	</attacks>
	<defenses armor="35" defense="45" />
	<elements>
		<element icePercent="-10" />
		<element energyPercent="35" />
		<element deathPercent="-12" />
	</elements>
	<immunities>
		<immunity fire="1" />
	</immunities>
	<voices interval="5000" chance="10">
		<voice sentence="I might reward you for killing my brother ~ with a swift dead!" yell="1" />
	</voices>
	<loot>
		<item id="2148" count="100" chance="100000" />
		<item id="2148" count="50" chance="100000" />
		<item id="2152" countmax="6" chance="80000" />
		<item id="2144" countmax="28" chance="7777" />
		<item id="7440" chance="17000" />
		<item id="2514" chance="4500" />
		<item id="2171" chance="12222" />
		<item id="2151" countmax="13" chance="6500" />
		<item id="2470" chance="6555" />
		<item id="2432" chance="8200" />
	</loot>
</monster>

