﻿<?xml version="1.0" encoding="UTF-8"?>
<monster name="DeathFan" nameDescription="a Death Fan" race="undead" experience="7000" speed="850" manacost="0">
	<health now="10700" max="10700" />
	<look type="9" head="20" body="30" legs="40" feet="50" corpse="6080" />
	<targetchange interval="20000" chance="0" />
	<flags>
		<flag summonable="0" />
		<flag attackable="1" />
		<flag hostile="1" />
		<flag illusionable="0" />
		<flag convinceable="0" />
		<flag pushable="1" />
		<flag canpushitems="1" />
		<flag staticattack="100" />
		<flag lightlevel="233" />
		<flag lightcolor="35" />
		<flag targetdistance="3" />
		<flag runonhealth="500" />
	</flags>
	<attacks>
		<attack name="fire" interval="3000" chance="13" range="7" radius="7" target="1" min="-300" max="-900">
			<attribute key="shootEffect" value="fire" />
			<attribute key="areaEffect" value="firearea" />
		</attack>
	</attacks>
	<defenses armor="27" defense="52" />
	<immunities>
		<immunity invisible="1" />
	</immunities>
	<loot>
		<item id="2148" countmax="100" chance="100000" />
		<item id="2148" countmax="25" chance="100000" />
		<item id="2377" chance="3333" />
		<item id="2188" chance="1000" />
		<item id="2393" chance="10059" />
		<item id="2432" chance="3000" />
		<item id="2472" chance="6000" />
		<item id="3976" countmax="10" chance="50000" />
		<item id="5906" chance="1000" />
		<item id="5954" chance="1000" />
		<item id="2421" chance="1000" />
		<item id="2678" countmax="3" chance="10000" />
		<item id="2148" countmax="100" chance="100000" />
		<item id="2144" countmax="4" chance="4000" />
		<item id="2462" chance="9700" />
		<item id="2149" countmax="3" chance="1428" />
		<item id="2171" chance="2333" />
		<item id="2387" chance="6666" />
		<item id="2470" chance="6500" />
		<item id="2520" chance="7050" />
		<item id="2418" chance="833" />
		<item id="9980" chance="70500" />
	</loot>
</monster>
