<?xml version="1.0" encoding="UTF-8"?>
<monster name="Feromous" nameDescription="a feromous" race="venom" experience="7000" speed="170" manacost="0">
	<health now="11000" max="11000" />
	<look type="229" head="20" body="30" legs="40" feet="50" corpse="6078" />
	<targetchange interval="5000" chance="8" />
	<flags>
		<flag summonable="0" />
		<flag attackable="1" />
		<flag hostile="1" />
		<flag illusionable="0" />
		<flag convinceable="0" />
		<flag pushable="0" />
		<flag canpushitems="1" />
		<flag canpushcreatures="1" />
		<flag targetdistance="1" />
		<flag staticattack="85" />
		<flag runonhealth="300" />
	</flags>
	<attacks>
		<attack name="melee" interval="2000" skill="105" attack="85" />
		<attack name="manadrain" interval="3000" chance="18" range="7" target="1" min="-100" max="-700">
			<attribute key="areaEffect" value="redshimmer" />
		</attack>
		<attack name="earth" interval="2000" chance="15" radius="7" target="0" min="-100" max="-900">
			<attribute key="areaEffect" value="poison" />
		</attack>
		<attack name="energy" interval="3000" chance="14" radius="7" target="0" min="-40" max="-1000">
			<attribute key="areaEffect" value="energy" />
		</attack>
		<attack name="death" interval="1000" chance="10" radius="8" target="0" min="-30" max="-1000">
			<attribute key="areaEffect" value="poff" />
                </attack>
                <attack name="earth" interval="3000" chance="12" length="8" spread="3" min="-100" max="-700">
                <attribute key="areaEffect" value="plantattack" />
                </attack>
		<attack name="lifedrain" interval="1000" chance="10" length="6" spread="0" min="-666" max="-666">
			<attribute key="areaEffect" value="greenspark" />
		</attack>
	</attacks>
	<defenses armor="60" defense="60">
		<defense name="invisible" interval="8000" chance="13" duration="5000">
			<attribute key="areaEffect" value="blueshimmer" />
		</defense>
	</defenses>
	<elements>
		<element firePercent="90" />
	</elements>
	<immunities>
		<immunity paralyze="1" />
		<immunity invisible="1" />
	</immunities>
	<summons maxSummons="3">
		<summon name="Bog raider" interval="5500" chance="15" />
	</summons>
	<voices interval="5000" chance="20">
		<voice sentence="I AM THE COUSIN THAT WHICH IS ALLIED TO ALL ORC!" yell="1" />
		<voice sentence="THE ALL SWAMP CAVES IS MINE!" yell="1" />
	</voices>
	<loot>
		<item id="2148" countmax="25" chance1="100000" chancemax="0" />
		<item id="2514" chance="2550" />
		<item id="2171" chance="3200" />
		<item id="7422" chance="3300" />
		<item id="8885" chance="2222" />
		<item id="2470" chance="3800" />
		<item id="2148" countmax="80" chance1="100000" chancemax="0" />
		<item id="2148" countmax="75" chance1="100000" chancemax="0" />
		<item id="9970" countmax="74" chance1="6500" />
		<item id="8904" chance="2800" />
		<item id="2147" countmax="46" chance1="4500" />
		<item id="9971" countmax="3" chance1="14000" />
		<item id="7410" chance="300" />
		<item id="8928" chance="2800" />
		<item id="2145" countmax="46" chance1="3500" chancemax="0" />
		<item id="2462" chance="12400" />
		<item id="2149" countmax="3" chance1="1428" chancemax="0" />
		<item id="7403" chance="2600" />
		<item id="8930" chance="1300" />
	</loot>
</monster>
