﻿<?xml version="1.0" encoding="UTF-8"?>
<monster name="Ghost Morgaroth" nameDescription="Ghost Morgaroth" race="fire" experience="1" speed="530" manacost="0">
	<health now="80000" max="80000" />
	<look type="12" head="0" body="126" legs="94" feet="94" corpse="2916" />
	<targetchange interval="6000" chance="0" />
	<flags>
		<flag summonable="0" />
		<flag attackable="1" />
		<flag hostile="1" />
		<flag illusionable="0" />
		<flag convinceable="0" />
		<flag pushable="0" />
		<flag canpushitems="1" />
		<flag canpushcreatures="1" />
		<flag targetdistance="1" />
		<flag runonhealth="3000" />
	</flags>
	<attacks>
		<attack name="melee" interval="2000" skill="150" attack="200" />
		<attack name="manadrain" interval="1000" chance="7" range="7" min="-100" max="-600">
			<attribute key="shootEffect" value="energy" />
			<attribute key="areaEffect" value="poff" />
		</attack>
		<attack name="manadrain" interval="1000" chance="7" length="0" spread="3" min="-1" max="-1000">
			<attribute key="areaEffect" value="energyarea" />
		</attack>
		<attack name="strength" interval="1000" chance="9" range="7">
			<attribute key="shootEffect" value="largerock" />
			<attribute key="areaEffect" value="energyarea" />
		</attack>
		<attack name="lifedrain" interval="1000" chance="13" radius="8" target="0" min="-400" max="-700">
			<attribute key="areaEffect" value="bluebubble" />
		</attack>
		<attack name="manadrain" interval="1000" chance="10" radius="8" target="0" min="-200" max="-800">
			<attribute key="areaEffect" value="greenshimmer" />
		</attack>
		<attack name="speed" interval="1000" chance="12" radius="6" target="0" speedchange="-1900" duration="60000">
			<attribute key="areaEffect" value="poison" />
		</attack>
		<attack name="strength" interval="1000" chance="8" radius="5" target="0">
			<attribute key="areaEffect" value="blackspark" />
		</attack>
		<attack name="outfit" interval="1000" chance="2" radius="8" target="0" monster="demon" duration="5000">
			<attribute key="areaEffect" value="bluebubble" />
		</attack>
		<attack name="outfit" interval="1000" chance="2" radius="8" target="0" item="3058" duration="5000">
			<attribute key="areaEffect" value="bluebubble" />
		</attack>
		<attack name="fire" interval="1000" chance="34" range="7" radius="7" target="1" min="-100" max="-900">
			<attribute key="shootEffect" value="fire" />
			<attribute key="areaEffect" value="firearea" />
		</attack>
		<attack name="lifedrain" interval="1000" chance="15" length="8" spread="0" min="-500" max="-850">
			<attribute key="areaEffect" value="redshimmer" />
		</attack>
	</attacks>
	<defenses armor="160" defense="160">
		<defense name="healing" interval="1000" chance="15" min="100" max="200">
			<attribute key="areaEffect" value="blueshimmer" />
		</defense>
		<defense name="healing" interval="1000" chance="25" min="100" max="200">
			<attribute key="areaEffect" value="blueshimmer" />
		</defense>
		<defense name="speed" interval="1000" chance="8" speedchange="1901" duration="5000">
			<attribute key="areaEffect" value="redshimmer" />
		</defense>
		<defense name="healing" interval="3000" chance="20" min="100" max="250">
			<attribute key="areaEffect" value="blueshimmer" />
		</defense>
		<defense name="invisible" interval="1000" chance="17" duration="2000">
			<attribute key="areaEffect" value="blueshimmer" />
		</defense>
		<defense name="outfit" interval="1000" chance="2" item="2916" duration="7000">
			<attribute key="areaEffect" value="blueshimmer" />
		</defense>
	</defenses>
	<immunities>
		<immunity energy="1" />
		<immunity fire="1" />
		<immunity poison="1" />
		<immunity lifedrain="1" />
		<immunity paralyze="1" />
		<immunity outfit="1" />
		<immunity drunk="1" />
		<immunity invisible="1" />
	</immunities>
	<voices interval="5000" chance="10">
		<voice sentence="BOW TO THE POWER OF THE RUTHLESS SEVEN!" yell="1" />
		<voice sentence="Slay your friends and I will spare you!" />
		<voice sentence="DON'T BE AFRAID, I AM COMING IN PEACE!" yell="1" />
		<voice sentence="COME HERE! FREE ITEMS FOR EVERYONE!" yell="1" />
	</voices>
	<loot capacity="5000">
		<item id="2349" chance="1200500" />
	</loot>
</monster> 