﻿<?xml version="1.0" encoding="UTF-8"?>
<monster name="Target Fighter" nameDescription="a Target Fighter" race="blood" experience="1" speed="0" manacost="0">
	<health now="2400000" max="2400000" />
	<look typeex="5787" corpse="2253" />
	<targetchange interval="2000" chance="5" />
	<flags>
		<flag summonable="0" />
		<flag attackable="1" />
		<flag hostile="1" />
		<flag illusionable="0" />
		<flag convinceable="0" />
		<flag pushable="0" />
		<flag canpushitems="1" />
		<flag staticattack="50" />
		<flag lightlevel="0" />
		<flag lightcolor="0" />
		<flag targetdistance="1" />
		<flag runonhealth="0" />
	</flags>
	<attacks>
		<attack name="melee" interval="1000" min="-1" max="-1" />
		<attack name="melee" interval="1000" min="666" max="666" />
		<attack name="melee" interval="1000" min="-1" max="-7" />
		<attack name="melee" interval="1000" min="-45" max="-45" />
	</attacks>
	<defenses armor="0" defense="0">
		<defense name="ultimate healing" interval="10000" chance="60000" min="2300000" max="2400000" />
	</defenses>
	<immunities>
		<immunity invisible="1" />
	</immunities>
	<loot>
		<item id="2148" countmax="20" chance="100000" />
		<item id="1949" chance="10000" />
		<item id="2467" chance="10000" />
		<item id="2642" chance="6666" />
		<item id="2044" chance="6666" />
		<item id="2689" countmax="3" chance="20000" />
		<item id="2401" chance="3333" />
		<item id="2166" chance="1428" />
	</loot>
</monster>
