﻿<?xml version="1.0" encoding="UTF-8"?>
<monster name="Yalaharian Summoner" nameDescription="Yalaharian Summoner" race="blood" experience="5" speed="500" manacost="800000">
	<health now="80000" max="80000" />
	<look type="324" head="113" body="12" legs="55" feet="89" addons="2" corpse="3128" />
	<targetchange interval="0" chance="0" />
	<flags>
		<flag summonable="0" />
		<flag attackable="1" />
		<flag hostile="1" />
		<flag illusionable="0" />
		<flag convinceable="0" />
		<flag pushable="0" />
		<flag canpushitems="1" />
		<flag canpushcreatures="1" />
		<flag targetdistance="0" />
		<flag runonhealth="0" />
	</flags>
	<attacks>
		<attack name="melee" interval="0" attack="100" min="200" max="1000" />
		<attack name="ice" interval="1000" chance="50" range="10" min="-250" max="-350">
			<attribute key="areaEffect" value="iceattack" />
			<attribute key="shootEffect" value="ice" />
		</attack>
		<attack name="strength" interval="1000" chance="8" radius="5" target="0">
			<attribute key="areaEffect" value="blackspark" />
		</attack>
	</attacks>
	<defenses armor="200" defense="200" />
	<immunities>
		<immunity physical="1" />
		<immunity drown="1" />
		<immunity drunk="1" />
		<immunity paralyze="1" />
		<immunity lifedrain="1" />
		<immunity outfit="1" />
		<immunity invisible="1" />
	</immunities>
	<summons maxSummons="3">
		<summon name="Azerus" interval="25000" chance="50000" />
	</summons>
	<voices interval="50000" chance="50000">
		<voice sentence="Yalahar My City" />
		<voice sentence="Lavanos Is My Dog" />
		<voice sentence="Run Run Run" />
	</voices>
	<loot>
		<item id="2349" chance="50000" />
	</loot>
</monster> 