<?xml version="1.0" encoding="UTF-8"?>
<monster name="Hideous Fungus" nameDescription="a hideous fungus" race="venom" experience="2900" speed="260" manacost="0">
	<health now="4600" max="4600" />
	<look type="499" corpse="17428" />
	<targetchange interval="4000" chance="10" />
	<flags>
		<flag summonable="0" />
		<flag attackable="1" />
		<flag hostile="1" />
		<flag illusionable="0" />
		<flag convinceable="0" />
		<flag pushable="0" />
		<flag canpushitems="1" />
		<flag canpushcreatures="1" />
		<flag targetdistance="4" />
		<flag staticattack="90" />
		<flag runonhealth="275" />
	</flags>
	<attacks>
		<attack name="melee" interval="2000" skill="90" attack="90" />
		<attack name="earth" interval="2000" chance="15" range="7" min="-250" max="-430">
			<attribute key="shootEffect" value="smallearth" />
			<attribute key="areaEffect" value="smallplants" />
		</attack>
		<attack name="ice" interval="2000" chance="15" length="8" spread="3" min="-250" max="-550">
			<attribute key="shootEffect" value="snowball" />
		</attack>
		<attack name="speed" interval="2000" chance="10" radius="1" target="1" speedchange="-600" duration="60000">
			<attribute key="areaEffect" value="redshimmer" />
		</attack>
		<attack name="drunk" interval="2000" chance="10" range="7" target="1" radius="5" duration="4000" >
			<attribute key="shootEffect" value="smallstone" />
			<attribute key="areaEffect" value="stun" />
		</attack>
		<attack name="poisoncondition" interval="2000" chance="10" target="0" radius="3" range="7" min="-400" max="-640">
			<attribute key="areaEffect" value="greenspark" />
		</attack>
	</attacks>
	<defenses armor="35" defense="35">
		<defense name="healing" interval="2000" chance="15" min="275" max="350">
			<attribute key="areaEffect" value="blueshimmer" />
		</defense>
		<defense name="invisible" interval="2000" chance="10" duration="6000">
			<attribute key="areaEffect" value="blueshimmer" />
		</defense>
	</defenses>
	<elements>
		<element holyPercent="5" />
		<element deathPercent="1" />
		<element firePercent="5" />
		<element energyPercent="15" />
		<element icePercent="15" />
	</elements>
	<immunities>
		<immunity earth="1" />
		<immunity paralyze="1" />
		<immunity invisible="1" />
	</immunities>
	<summons maxSummons="2">
		<summon name="humorless fungus" interval="2000" chance="10" max="2" />
	</summons>
	<voices interval="5000" chance="10">
		<voice sentence="Munch munch munch!" />
	</voices>
	<loot>
		<item id="2148" countmax="100" chance="70000" /><!-- gold coin -->
		<item id="2148" countmax="97" chance="70000" /><!-- gold coin -->
		<item id="2152" countmax="7" chance="100000" /><!-- platinum coin -->
		<item id="18434" chance="14285" /><!-- hideous chunk -->
		<item id="18437" countmax="15" chance="14500" /><!-- envenomed arrow -->
		<item id="18397" countmax="3" chance="14500" /><!-- mushroom pie -->
		<item id="7620" chance="9090" /><!-- mana potion -->
		<item id="7590" chance="7692" /><!-- great mana potion -->
		<item id="7591" chance="7220" /><!-- great health potion -->
		<item id="5909" chance="6430" /><!-- white piece of cloth -->
		<item id="2391" chance="4010" /><!-- war hammer -->
		<item id="5912" chance="3700" /><!-- blue piece of cloth -->
		<item id="5910" chance="3003" /><!-- green piece of cloth -->
		<item id="7886" chance="2000" /><!-- terra boots -->
		<item id="7887" chance="2000" /><!-- terra amulet -->
		<item id="5911" chance="1820" /><!-- red piece of cloth -->
		<item id="7885" chance="920" /><!-- terra legs -->
		<item id="7884" chance="800" /><!-- terra mantle -->
		<item id="18411" chance="590" /><!-- muck rod -->
		<item id="18454" chance="60" /><!-- mycological bow -->
		<item id="18393" chance="20" /><!-- mushroom backpack -->
	</loot>
</monster>
