<?xml version="1.0" encoding="UTF-8"?>
<mounts>
	<mount id="1" clientid="368" name="Widow Queen" speed="20" premium="no" />
	<mount id="2" clientid="369" name="Racing Bird" speed="20" premium="no" />
	<mount id="3" clientid="370" name="War Bear" speed="20" premium="no" />
	<mount id="4" clientid="371" name="Black Sheep" speed="20" premium="no" />
	<mount id="5" clientid="372" name="Midnight Panther" speed="20" premium="no" />
	<mount id="6" clientid="373" name="Draptor" speed="20" premium="no" />
	<mount id="7" clientid="374" name="Titanica" speed="20" premium="no" />
	<mount id="8" clientid="375" name="Tin Lizzard" speed="20" premium="no" />
	<mount id="9" clientid="376" name="Blazebringer" speed="20" premium="no" />
	<mount id="10" clientid="377" name="Rapid Boar" speed="20" premium="no" />
	<mount id="11" clientid="378" name="Stampor" speed="20" premium="no" />
	<mount id="12" clientid="379" name="Undead Cavebear" speed="20" premium="no" />
	<mount id="13" clientid="387" name="Donkey" speed="20" premium="no" />
	<mount id="14" clientid="388" name="Tiger Slug" speed="20" premium="no" />
	<mount id="15" clientid="389" name="Uniwheel" speed="20" premium="no" />
	<mount id="16" clientid="390" name="Crystal Wolf" speed="20" premium="no" />
	<mount id="17" clientid="392" name="Brown War Horse" speed="20" premium="no" />
	<mount id="18" clientid="401" name="Kingly Deer" speed="20" premium="no" />
	<mount id="19" clientid="402" name="Tamed Panda" speed="20" premium="no" />
	<mount id="20" clientid="405" name="Dromedary" speed="20" premium="no" />
	<mount id="21" clientid="406" name="King Scorpion" speed="20" premium="no" />
	<mount id="22" clientid="421" name="Rented Horse" speed="20" premium="no" />
	<mount id="23" clientid="426" name="Armoured War Horse" speed="20" premium="no" />
	<mount id="24" clientid="427" name="Shadow Draptor" speed="20" premium="no" />
	<mount id="25" clientid="437" name="Rented Horse" speed="20" premium="no" />
	<mount id="26" clientid="438" name="Rented Horse" speed="20" premium="no" />
	<mount id="27" clientid="447" name="Ladybug" speed="20" premium="no" />
	<mount id="28" clientid="450" name="Manta" speed="20" premium="no" />
	<mount id="29" clientid="502" name="Ironblight" speed="20" premium="no" />
	<mount id="30" clientid="503" name="Magma Crawler" speed="20" premium="no" />
	<mount id="31" clientid="506" name="Dragonling" speed="20" premium="no" />
	<mount id="32" clientid="515" name="Gnarlhound" speed="20" premium="no" />
	<mount id="33" clientid="521" name="Crimson Ray" speed="20" premium="no" />
	<mount id="34" clientid="522" name="Steelbeak" speed="20" premium="no" />
	<mount id="35" clientid="526" name="Water Buffalo" speed="20" premium="no" />
	<mount id="36" clientid="546" name="Armoured Scorpion" speed="20" premium="no" />
	<mount id="37" clientid="547" name="Armoured Dragonling" speed="20" premium="no" />
	<mount id="38" clientid="548" name="Armoured Cavebear" speed="20" premium="no" />
	<mount id="39" clientid="559" name="The Hellgrip" speed="20" premium="no" />
	<mount id="40" clientid="571" name="Lion" speed="20" premium="no" />
	<mount id="41" clientid="572" name="Golden Lion" speed="20" premium="no" />
	<mount id="42" clientid="580" name="Shock Head" speed="20" premium="no" />
	<mount id="43" clientid="606" name="Walker" speed="20" premium="no" />
	<mount id="44" clientid="621" name="Azudocus" speed="20" premium="no" />
	<mount id="45" clientid="622" name="Carpacosaurus" speed="20" premium="no" />
	<mount id="46" clientid="624" name="Death Crawler" speed="20" premium="no" />
	<mount id="47" clientid="626" name="Flamesteed" speed="20" premium="no" />
	<mount id="48" clientid="627" name="Jade Lion" speed="20" premium="no" />
	<mount id="49" clientid="628" name="Jade Pincer" speed="20" premium="no" />
	<mount id="50" clientid="629" name="Nethersteed" speed="20" premium="no" />
	<mount id="51" clientid="630" name="Tempest" speed="20" premium="no" />
	<mount id="52" clientid="631" name="Winter King" speed="20" premium="no" />
	<mount id="53" clientid="644" name="Doombringer" speed="20" premium="no" />
	<mount id="54" clientid="647" name="Woodland Prince" speed="20" premium="no" />
	<mount id="55" clientid="648" name="Hailtorm Fury" speed="20" premium="no" />
	<mount id="56" clientid="649" name="Siegebreaker" speed="20" premium="no" />
	<mount id="57" clientid="650" name="Poisonbane" speed="20" premium="no" />
	<mount id="58" clientid="651" name="Blackpelt" speed="20" premium="no" />
	<mount id="59" clientid="669" name="Golden Dragonfly" speed="20" premium="no" />
	<mount id="60" clientid="670" name="Steel Bee" speed="20" premium="no" />
	<mount id="61" clientid="671" name="Copper Fly" speed="20" premium="no" />
	<mount id="62" clientid="672" name="Tundra Rambler" speed="20" premium="no" />
	<mount id="63" clientid="673" name="Highland Yak" speed="20" premium="no" />
	<mount id="64" clientid="674" name="Glacier Vagabond" speed="20" premium="no" />
	<mount id="65" clientid="688" name="Flying Divan" speed="20" premium="no" />
	<mount id="66" clientid="689" name="Magic Carpet" speed="20" premium="no" />
	<mount id="67" clientid="690" name="Floating Kashmir" speed="20" premium="no" />
	<mount id="68" clientid="691" name="Ringtail Waccoon" speed="20" premium="no" />
	<mount id="69" clientid="692" name="Night Waccoon" speed="20" premium="no" />
	<mount id="70" clientid="693" name="Emerald Waccoon" speed="20" premium="no" />
	<mount id="71" clientid="682" name="Glooth Glider" speed="20" premium="no" />
	<mount id="72" clientid="685" name="Shadow Hart" speed="20" premium="no" />
	<mount id="73" clientid="686" name="Black Stag" speed="20" premium="no" />
	<mount id="74" clientid="687" name="Emperor Deer" speed="20" premium="no" />
</mounts>
