<?xml version="1.0" encoding="iso-8859-1"?>
<quests>
	<quest name="The Arena" startstorageid="42356" startstoragevalue="0" endvalue="1">
		<mission name="Arena Combatant" storageid="42357" startvalue="1" endvalue="1">
			<missionstate id="1" description="You've entered the arena as combatant." />
		</mission>
		<mission name="Greenshore difficulty" storageid="42361" startvalue="1" endvalue="1">
			<missionstate id="1" description="You've completed the arena in the Greenshore difficulty" />
		</mission>
		<mission name="Scrapper difficulty" storageid="42371" startvalue="1" endvalue="1">
			<missionstate id="1" description="You've completed the arena in the Scrapper difficulty" />
		</mission>
		<mission name="Warlord difficulty" storageid="42381" startvalue="1" endvalue="1">
			<missionstate id="1" description="You've completed the arena in the Warlord difficulty" />
		</mission>
		<mission name="Arena Master" storageid="42381" startvalue="1" endvalue="1">
			<missionstate id="1" description="You've mastered all difficulty levels in the arena, congratulations!" />
		</mission>
	</quest>
	<quest name="The Specials Quests" startstorageid="11551" startstoragevalue="1" endvalue="75">
		<mission name="1 - Surprise" storageid="60001" startvalue="0" endvalue="1">
			<missionstate id="1" description="You have completed the quest 1 and won a red bag!" />
		</mission>
		<mission name="2 - Minotaur Leather" storageid="60002" startvalue="0" endvalue="1">
			<missionstate id="1" description="You have completed the quest 2 and won 50x minotaur leather!" />
		</mission>
		<mission name="3 - Minotaur Leather" storageid="60003" startvalue="0" endvalue="1">
			<missionstate id="1" description="You have completed the quest 3 and won 50x minotaur leather!" />
		</mission>
		<mission name="4 - Chicken Feather" storageid="60004" startvalue="0" endvalue="1">
			<missionstate id="1" description="You have completed the quest 4 and won 50x chicken feather!" />
		</mission>
		<mission name="5 - Honeycomb" storageid="60005" startvalue="0" endvalue="1">
			<missionstate id="1" description="You have completed the quest 5 and won 50x honeycomb!" />
		</mission>
		<mission name="6 - Elane's Crossbow" storageid="60006" startvalue="0" endvalue="1">
			<missionstate id="1" description="You have completed the quest 6 and won a Elane's crossbow!" />
		</mission>
		<mission name="7 - Lizard Leather" storageid="60007" startvalue="0" endvalue="1">
			<missionstate id="1" description="You have completed the quest 7 and won 100x lizard leather!" />
		</mission>
		<mission name="8 - Enchanted Chicken Wing" storageid="60008" startvalue="0" endvalue="1">
			<missionstate id="1" description="You have completed the quest 8 and won a enchanted chicken wing!" />
		</mission>
		<mission name="9 - Piece of Royal Steel" storageid="60009" startvalue="0" endvalue="1">
			<missionstate id="1" description="You have completed the quest 9 and won a piece of royal steel!" />
		</mission>
		<mission name="10 - Iron One" storageid="60010" startvalue="0" endvalue="1">
			<missionstate id="1" description="You have completed the quest 10 and won 100x iron one!" />
		</mission>
		<mission name="11 - Huge Chunk of Crude Iron" storageid="60011" startvalue="0" endvalue="1">
			<missionstate id="1" description="You have completed the quest 11 and won a huge chunk of crude iron!" />
		</mission>
		<mission name="12 - Perfect Behemoth Fang" storageid="60012" startvalue="0" endvalue="1">
			<missionstate id="1" description="You have completed the quest 12 and won 100x perfect behemoth fang!" />
		</mission>
		<mission name="13 - Fighting Spirit" storageid="60013" startvalue="0" endvalue="1">
			<missionstate id="1" description="You have completed the quest 13 and won a fighting spirit!" />
		</mission>
		<mission name="14 - Spool of Yarn" storageid="60014" startvalue="0" endvalue="1">
			<missionstate id="1" description="You have completed the quest 14 and won 10x spool of yarn!" />
		</mission>
		<mission name="15 - Bear Paw" storageid="60015" startvalue="0" endvalue="1">
			<missionstate id="1" description="You have completed the quest 15 and won 40x bear paw!" />
		</mission>
		<mission name="16 - Wolf Paw" storageid="60016" startvalue="0" endvalue="1">
			<missionstate id="1" description="You have completed the quest 16 and won 40x wolf paw!" />
		</mission>
		<mission name="17 - Ceiron's Wolf Tooth Chain" storageid="60017" startvalue="0" endvalue="1">
			<missionstate id="1" description="You have completed the quest 17 and won a Ceiron's wolf tooth chain!" />
		</mission>
		<mission name="18 - Mermaid Comb" storageid="60018" startvalue="0" endvalue="1">
			<missionstate id="1" description="You have completed the quest 18 and won a mermaid comb!" />
		</mission>
		<mission name="19 - Ape Fur" storageid="60019" startvalue="0" endvalue="1">
			<missionstate id="1" description="You have completed the quest 19 and won a ape fur!" />
		</mission>
		<mission name="20 - Fish Fin" storageid="60020" startvalue="0" endvalue="1">
			<missionstate id="1" description="You have completed the quest 20 and won a fish fin!" />
		</mission>
		<mission name="21 - Mandrake" storageid="60021" startvalue="0" endvalue="1">
			<missionstate id="1" description="You have completed the quest 21 and won a mandrake!" />
		</mission>
		<mission name="22 - Surprise" storageid="60022" startvalue="0" endvalue="1">
			<missionstate id="1" description="You have completed the quest 22 and won a bag!" />
		</mission>
		<mission name="23 - Jester Hat" storageid="60023" startvalue="0" endvalue="1">
			<missionstate id="1" description="You have completed the quest 23 and won a jester hat!" />
		</mission>
		<mission name="24 - Jester Staff" storageid="60024" startvalue="0" endvalue="1">
			<missionstate id="1" description="You have completed the quest 24 and won a jester staff!" />
		</mission>
		<mission name="25 - Claw of'The Noxious Spawn" storageid="60025" startvalue="0" endvalue="1">
			<missionstate id="1" description="You have completed the quest 25 and won a claw of'The Noxious Spawn!" />
		</mission>
		<mission name="26 - Vampiric Crest" storageid="60026" startvalue="0" endvalue="1">
			<missionstate id="1" description="You have completed the quest 26 and won a vampiric crest!" />
		</mission>
		<mission name="27 - Widow's Mandibles" storageid="60027" startvalue="0" endvalue="1">
			<missionstate id="1" description="You have completed the quest 27 and won a widow's mandibles!" />
		</mission>
		<mission name="28 - Nettle Blossom" storageid="60028" startvalue="0" endvalue="1">
			<missionstate id="1" description="You have completed the quest 28 and won a nettle blossom!" />
		</mission>
		<mission name="29 - Fake Dwarven Beard" storageid="60029" startvalue="0" endvalue="1">
			<missionstate id="1" description="You have completed the quest 29 and won a fake dwarven beard!" />
		</mission>
		<mission name="30 - Surprise" storageid="60030" startvalue="0" endvalue="1">
			<missionstate id="1" description="You have completed the quest 30 and won a red bag!" />
		</mission>
		<mission name="31 - Life Ring" storageid="60031" startvalue="0" endvalue="1">
			<missionstate id="1" description="You have completed the quest 31 and won a life ring!" />
		</mission>
		<mission name="32 - Pirate Voodoo Doll" storageid="60032" startvalue="0" endvalue="1">
			<missionstate id="1" description="You have completed the quest 32 and won a pirate voodoo doll!" />
		</mission>
		<mission name="33 - Mandrake" storageid="60033" startvalue="0" endvalue="1">
			<missionstate id="1" description="You have completed the quest 33 and won a mandrake!" />
		</mission>
		<mission name="34 - Rope" storageid="60034" startvalue="0" endvalue="1">
			<missionstate id="1" description="You have completed the quest 34 and won a rope!" />
		</mission>
		<mission name="35 - Voodoo Doll" storageid="60035" startvalue="0" endvalue="1">
			<missionstate id="1" description="You have completed the quest 35 and won a voodoo doll!" />
		</mission>
		<mission name="36 - Royal Helmet" storageid="60036" startvalue="0" endvalue="1">
			<missionstate id="1" description="You have completed the quest 36 and won a royal helmet!" />
		</mission>
		<mission name="37 - Pair of Soft Boots" storageid="60037" startvalue="0" endvalue="1">
			<missionstate id="1" description="You have completed the quest 37 and won a pair of soft boots!" />
		</mission>
		<mission name="38 - Draken Boots" storageid="60038" startvalue="0" endvalue="1">
			<missionstate id="1" description="You have completed the quest 38 and won a draken boots!" />
		</mission>
		<mission name="39 - Backpack of Holding" storageid="60039" startvalue="0" endvalue="1">
			<missionstate id="1" description="You have completed the quest 39 and won a backpack of holding!" />
		</mission>
		<mission name="40 - Crystal Mace" storageid="60040" startvalue="0" endvalue="1">
			<missionstate id="1" description="You have completed the quest 40 and won a crystal mace!" />
		</mission>
		<mission name="41 - Stuffed Dragon" storageid="60041" startvalue="0" endvalue="1">
			<missionstate id="1" description="You have completed the quest 41 and won a stuffed dragon!" />
		</mission>
		<mission name="42 - Ceremonial Ankh" storageid="60042" startvalue="0" endvalue="1">
			<missionstate id="1" description="You have completed the quest 42 and won a ceremonial ankh!" />
		</mission>
		<mission name="43 - Necromancer Shield" storageid="60043" startvalue="0" endvalue="1">
			<missionstate id="1" description="You have completed the quest 43 and won a necromancer shield!" />
		</mission>
		<mission name="44 - Frozen Starlight" storageid="60044" startvalue="0" endvalue="1">
			<missionstate id="1" description="You have completed the quest 44 and won a frozen starlight!" />
		</mission>
		<mission name="45 - Daramian Waraxe" storageid="60045" startvalue="0" endvalue="1">
			<missionstate id="1" description="You have completed the quest 45 and won a daramian waraxe!" />
		</mission>
		<mission name="46 - Earthborn Titan Armor" storageid="60046" startvalue="0" endvalue="1">
			<missionstate id="1" description="You have completed the quest 46 and won a earthborn titan armor!" />
		</mission>
		<mission name="47 - Surprise" storageid="60047" startvalue="0" endvalue="1">
			<missionstate id="1" description="You have completed the quest 47 and won a red bag!" />
		</mission>
		<mission name="48 - Crystal Coin" storageid="60048" startvalue="0" endvalue="1">
			<missionstate id="1" description="You have completed the quest 48 and won a crystal coin!" />
		</mission>
		<mission name="49 - Boots of Haste" storageid="60049" startvalue="0" endvalue="1">
			<missionstate id="1" description="You have completed the quest 49 and won a boots of haste!" />
		</mission>
		<mission name="50 - Blue Legs" storageid="60050" startvalue="0" endvalue="1">
			<missionstate id="1" description="You have completed the quest 50 and won a blue legs!" />
		</mission>
		<mission name="51 - Helmet of the Ancients" storageid="60051" startvalue="0" endvalue="1">
			<missionstate id="1" description="You have completed the quest 51 and won a helmet of the ancients!" />
		</mission>
		<mission name="52 - Giant Sword" storageid="60052" startvalue="0" endvalue="1">
			<missionstate id="1" description="You have completed the quest 52 and won a giant sword!" />
		</mission>
		<mission name="53 - Naginata" storageid="60053" startvalue="0" endvalue="1">
			<missionstate id="1" description="You have completed the quest 53 and won a naginata!" />
		</mission>
		<mission name="54 - Great Axe" storageid="60054" startvalue="0" endvalue="1">
			<missionstate id="1" description="You have completed the quest 54 and won a great axe!" />
		</mission>
		<mission name="55 - Skull Staff" storageid="60055" startvalue="0" endvalue="1">
			<missionstate id="1" description="You have completed the quest 55 and won a skull staff!" />
		</mission>
		<mission name="56 - Dragon Shield" storageid="60056" startvalue="0" endvalue="1">
			<missionstate id="1" description="You have completed the quest 56 and won a dragon shield!" />
		</mission>
		<mission name="57 - Djinn Blade" storageid="60057" startvalue="0" endvalue="1">
			<missionstate id="1" description="You have completed the quest 57 and won a djinn blade!" />
		</mission>
		<mission name="58 - Spirit Cloak" storageid="60058" startvalue="0" endvalue="1">
			<missionstate id="1" description="You have completed the quest 58 and won a spirit cloak!" />
		</mission>
		<mission name="59 - Golden Armor" storageid="60059" startvalue="0" endvalue="1">
			<missionstate id="1" description="You have completed the quest 59 and won a golden armor!" />
		</mission>
		<mission name="60 - Mastermind Shield" storageid="60060" startvalue="0" endvalue="1">
			<missionstate id="1" description="You have completed the quest 60 and won a mastermind shield!" />
		</mission>
		<mission name="61 - Golden Legs" storageid="60061" startvalue="0" endvalue="1">
			<missionstate id="1" description="You have completed the quest 61 and won a golden legs!" />
		</mission>
		<mission name="62 - Knight Armor" storageid="60062" startvalue="0" endvalue="1">
			<missionstate id="1" description="You have completed the quest 62 and won a knight armor!" />
		</mission>
		<mission name="63 - Greenwood Coat" storageid="60063" startvalue="0" endvalue="1">
			<missionstate id="1" description="You have completed the quest 63 and won a greenwood coat!" />
		</mission>
		<mission name="64 - Knight Legs" storageid="60064" startvalue="0" endvalue="1">
			<missionstate id="1" description="You have completed the quest 64 and won a knight legs!" />
		</mission>
		<mission name="65 - Firewalker Boots" storageid="60065" startvalue="0" endvalue="1">
			<missionstate id="1" description="You have completed the quest 65 and won a firewalker boots!" />
		</mission>
		<mission name="66 - Crown Legs" storageid="60066" startvalue="0" endvalue="1">
			<missionstate id="1" description="You have completed the quest 66 and won a crown legs!" />
		</mission>
		<mission name="67 - Ceremonial Mask" storageid="60067" startvalue="0" endvalue="1">
			<missionstate id="1" description="You have completed the quest 67 and won a ceremonial mask!" />
		</mission>
		<mission name="68 - Bunnyslippers" storageid="60068" startvalue="0" endvalue="1">
			<missionstate id="1" description="You have completed the quest 68 and won a bunnyslippers!" />
		</mission>
		<mission name="69 - Eagle Shield" storageid="60069" startvalue="0" endvalue="1">
			<missionstate id="1" description="You have completed the quest 69 and won a eagle shield!" />
		</mission>
		<mission name="70 - Demon Helmet" storageid="60070" startvalue="0" endvalue="1">
			<missionstate id="1" description="You have completed the quest 70 and won a demon helmet!" />
		</mission>
		<mission name="71 - Steel Boots" storageid="60071" startvalue="0" endvalue="1">
			<missionstate id="1" description="You have completed the quest 71 and won a steel boots!" />
		</mission>
		<mission name="72 - Dwarven Armor" storageid="60072" startvalue="0" endvalue="1">
			<missionstate id="1" description="You have completed the quest 72 and won a dwarven armor!" />
		</mission>
		<mission name="73 - Legion Helmet" storageid="60073" startvalue="0" endvalue="1">
			<missionstate id="1" description="You have completed the quest 73 and won a legion helmet!" />
		</mission>
		<mission name="74 - Vampire Shield" storageid="60074" startvalue="0" endvalue="1">
			<missionstate id="1" description="You have completed the quest 74 and won a vampire shield!" />
		</mission>
		<mission name="75 - Tempest Shield" storageid="60075" startvalue="0" endvalue="1">
			<missionstate id="1" description="You have completed the quest 75 and won a tempest shield!" />
		</mission>
	</quest>
	<quest name="The Portals" startstorageid="11552" startstoragevalue="0" endvalue="8">
		<mission name="Portal 1" storageid="18001" startvalue="0" endvalue="1">
			<missionstate id="1" description="You released the first portal." />
		</mission>
		<mission name="Portal 2" storageid="18002" startvalue="0" endvalue="1">
			<missionstate id="1" description="You released the second portal." />
		</mission>
		<mission name="Portal 3" storageid="18003" startvalue="0" endvalue="1">
			<missionstate id="1" description="You released the third portal." />
		</mission>
		<mission name="Portal 4" storageid="18004" startvalue="0" endvalue="1">
			<missionstate id="1" description="You released the fourth portal." />
		</mission>
		<mission name="Portal 5" storageid="18005" startvalue="0" endvalue="1">
			<missionstate id="1" description="You released the fifth portal." />
		</mission>
		<mission name="Portal 6" storageid="18006" startvalue="0" endvalue="1">
			<missionstate id="1" description="You released the sixth portal." />
		</mission>
		<mission name="Portal 7" storageid="18007" startvalue="0" endvalue="1">
			<missionstate id="1" description="You released the seventh portal." />
		</mission>
		<mission name="Portal 8" storageid="18008" startvalue="0" endvalue="1">
			<missionstate id="1" description="You released the eighth portal." />
		</mission>
	</quest>
</quests>
