<?xml version="1.0" encoding="UTF-8"?>
<monster name="starving wolf" nameDescription="a starving wolf" race="blood" experience="65" speed="170" manacost="0">
	<health now="85" max="85" />
	<look type="27" head="20" body="30" legs="40" feet="50" corpse="5968" />
	<targetchange interval="4000" chance="0" />
	<flags>
		<flag summonable="1" />
		<flag attackable="1" />
		<flag hostile="1" />
		<flag illusionable="1" />
		<flag convinceable="1" />
		<flag pushable="1" />
		<flag canpushitems="0" />
		<flag canpushcreatures="0" />
		<flag targetdistance="1" />
		<flag staticattack="90" />
		<flag runonhealth="8" />
	</flags>
	<attacks>
		<attack name="melee" interval="2000" skill="10" attack="25" />
	</attacks>
	<defenses armor="10" defense="10">
		<defense name="physical" interval="2000" chance="10" radius="1">
			<attribute key="areaEffect" value="yellowbubble" />
		</defense>
	</defenses>
	<elements>
		<element physicalPercent="-30" />
	</elements>
	<immunities>
		<immunity invisible="1" />
	</immunities>
	<voices interval="5000" chance="10">
		<voice sentence="Gaarrrrrr" />
		<voice sentence="Gnoorrr" />
		<voice sentence="Yoooohhuuuu!" />
	</voices>
	<loot>
		<item id="2666" countmax="2" chance="5300" /><!-- meat -->
		<item id="5897" chance="1430" /><!-- wolf paw -->
		<item id="220" chance="64730" /><!-- dirty fur -->
	</loot>
</monster>
