<?xml version="1.0" encoding="UTF-8"?>
<monster name="Werewolf" nameDescription="a werewolf" experience="1900" speed="200" race="blood" manacost="0">
	<health now="1955" max="1955" />
	<targetchange interval="4000" chance="10" />
	<look type="308" corpse="20380" />
	<flags>
		<flag summonable="0" />
		<flag attackable="1" />
		<flag hostile="1" />
		<flag illusionable="0" />
		<flag convinceable="0" />
		<flag pushable="0" />
		<flag canpushitems="1" />
		<flag canpushcreatures="0" />
		<flag targetdistance="1" />
		<flag staticattack="80" />
		<flag runonhealth="300" />
	</flags>
	<attacks>
		<attack name="melee" interval="2000" skill="90" attack="70" />
		<attack name="outfit" interval="2000" chance="1" target="1" radius="1" monster="werewolf" duration="2000">
			<attribute key="areaeffect" value="bluenote" />
		</attack>
		<attack name="lifedrain" interval="2000" chance="10" length="4" spread="2" target="0" min="-80" max="-200">
			<attribute key="areaEffect" value="rednote" />
		</attack>
		<attack name="physical" interval="2000" chance="40" radius="3" target="0">
			<attribute key="areaEffect" value="whitenote" />
		</attack>
		<attack name="physical" interval="2000" chance="10" radius="1" target="0">
			<attribute key="areaEffect" value="greennote" />
		</attack>
		<attack name="werewolf skill reducer" interval="2000" range="1" chance="15" />
	</attacks>
	<defenses armor="40" defense="40">
		<defense name="healing" interval="2000" chance="15" min="120" max="225">
			<attribute key="areaEffect" value="greenshimmer" />
		</defense>
		<defense name="speed" interval="2000" chance="15" range="7" speedchange="400" duration="5000">
			<attribute key="areaEffect" value="purplenote" />
		</defense>
	</defenses>
	<elements>
		<element physicalPercent="10" />
		<element energyPercent="5" />
		<element earthPercent="65" />
		<element firePercent="-5" />
		<element deathPercent="50" />
		<element icePercent="-5" />
		<element holyPercent="-5" />
	</elements>
	<immunities>
		<immunity paralyze="1" />
		<immunity invisible="1" />
	</immunities>
	<summons maxSummons="2">
		<summon name="war wolf" interval="2000" chance="40" />
		<summon name="war wolf" interval="2000" chance="40" />
	</summons>
	<voices interval="5000" chance="10">
		<voice sentence="BLOOD!" yell="1" />
		<voice sentence="HRAAAAAAAAAARRRRRR!" yell="1" />
	</voices>
	<loot>
		<item id="2148" countmax="90" chance="35000" /><!-- gold coin -->
		<item id="2148" countmax="90" chance="35000" /><!-- gold coin -->
		<item id="2148" countmax="45" chance="35000" /><!-- gold coin -->
		<item id="2381" chance="3000" /><!-- halberd -->
		<item id="2647" chance="6500" /><!-- plate legs -->
		<item id="2510" chance="10340" /><!-- plate shield -->
		<item id="2171" chance="870" /><!-- platinum amulet -->
		<item id="7439" chance="1200" /><!-- berserk potion -->
		<item id="7428" chance="400" /><!-- bonebreaker -->
		<item id="2438" chance="560" /><!-- epee -->
		<item id="7383" chance="480" /><!-- relic sword -->
		<item id="9809" chance="210" /><!-- rusty armor -->
		<item id="2197" chance="1000" /><!-- stone skin amulet -->
		<item id="7588" chance="5000" /><!-- strong health potion -->
		<item id="2169" chance="800" /><!-- time ring -->
		<item id="2805" chance="1900" /><!-- troll green -->
		<item id="5897" chance="5200" /><!-- wolf paw -->
		<item id="8473" chance="2400" /><!-- ultimate health potion -->
		<item id="7419" chance="160" /><!-- dreaded cleaver -->
		<item id="11234" chance="10650" /><!-- werewolf fur -->
		<item id="2789" chance="6940" /><!-- brown mushroom -->
	</loot>
</monster>
