<?xml version="1.0" encoding="UTF-8"?>
<monster name="Wild Dog" nameDescription="a wild dog" race="blood" experience="0" speed="200" manacost="220">
	<health now="1000000" max="1000000" />
	<look type="32" head="20" body="30" legs="40" feet="50" corpse="5971" />
	<targetchange interval="2000" chance="0" />
	<flags>
		<flag summonable="0" />
		<flag attackable="0" />
		<flag hostile="0" />
		<flag illusionable="1" />
		<flag convinceable="1" />
		<flag pushable="1" />
		<flag canpushitems="0" />
		<flag canpushcreatures="0" />
		<flag targetdistance="1" />
		<flag staticattack="90" />
		<flag runonhealth="8" />
	</flags>
	<attacks>
		<attack name="melee" interval="2000" skill="0" attack="0" />
	</attacks>
	<defenses armor="1" defense="2" />
	<voices interval="5000" chance="10">
		<voice sentence="Wuff wuff" />
	</voices>
</monster>
