<?xml version="1.0" encoding="UTF-8"?>
<monster name="Winter Wolf" nameDescription="a winter wolf" race="blood" experience="20" speed="160" manacost="260">
	<health now="30" max="30" />
	<look type="52" corpse="5997" />
	<targetchange interval="4000" chance="0" />
	<flags>
		<flag summonable="1" />
		<flag attackable="1" />
		<flag hostile="1" />
		<flag illusionable="1" />
		<flag convinceable="1" />
		<flag pushable="1" />
		<flag canpushitems="0" />
		<flag canpushcreatures="0" />
		<flag targetdistance="1" />
		<flag staticattack="90" />
		<flag runonhealth="0" />
	</flags>
	<attacks>
		<attack name="melee" interval="2000" skill="10" attack="20" />
	</attacks>
	<defenses armor="5" defense="5" />
	<elements>
		<element icePercent="20" />
		<element firePercent="10" />
		<element holyPercent="5" />
		<element energyPercent="-5" />
		<element deathPercent="-5" />
	</elements>
	<voices interval="5000" chance="10">
		<voice sentence="Yoooohhuuuuu!" />
	</voices>
	<loot>
		<item id="2666" countmax="2" chance="30000" /><!-- meat -->
		<item id="11212" chance="10000" /><!-- winter wolf fur -->
	</loot>
</monster>
