<?xml version="1.0" encoding="UTF-8"?>
<monster name="Wolf" nameDescription="a wolf" race="blood" experience="18" speed="160" manacost="255">
	<health now="25" max="25" />
	<look type="27" corpse="5968" />
	<targetchange interval="4000" chance="0" />
	<flags>
		<flag summonable="1" />
		<flag attackable="1" />
		<flag hostile="1" />
		<flag illusionable="1" />
		<flag convinceable="1" />
		<flag pushable="1" />
		<flag canpushitems="0" />
		<flag canpushcreatures="0" />
		<flag targetdistance="1" />
		<flag staticattack="90" />
		<flag runonhealth="8" />
	</flags>
	<attacks>
		<attack name="melee" interval="2000" skill="10" attack="20" />
	</attacks>
	<defenses armor="5" defense="5" />
	<elements>
		<element earthPercent="5" />
		<element holyPercent="5" />
		<element icePercent="-5" />
		<element deathPercent="-5" />
	</elements>
	<voices interval="5000" chance="10">
		<voice sentence="Yoooohhuuu!" />
		<voice sentence="Grrrrrr" />
	</voices>
	<loot>
		<item id="2666" countmax="2" chance="55000" /><!-- meat -->
		<item id="5897" chance="980" /><!-- wolf paw -->
	</loot>
</monster>
