<?xml version="1.0" encoding="UTF-8"?>
<monster name="Drillworm" nameDescription="drillworm" race="venom" experience="1100" speed="240" manacost="0">
	<health now="1500" max="1500" />
	<look type="527" corpse="19705" />
	<targetchange interval="4000" chance="20" />
	<flags>
		<flag summonable="0" />
		<flag attackable="1" />
		<flag hostile="1" />
		<flag illusionable="0" />
		<flag convinceable="0" />
		<flag pushable="0" />
		<flag canpushitems="1" />
		<flag canpushcreatures="1" />
		<flag targetdistance="1" />
		<flag staticattack="90" />
		<flag runonhealth="0" />
	</flags>
	<attacks>
		<attack name="melee" interval="2000" min="0" max="-300" poison="100" />
		<attack name="speed" interval="2000" chance="15" length="8" spread="0" target="0" speedchange="-600" duration="15000">
			<attribute key="areaEffect" value="redshimmer" />
		</attack>
		<attack name="earth" interval="2000" chance="10" length="8" spread="0" min="-150" max="-300">
			<attribute key="areaEffect" value="greenspark" />
		</attack>
		<attack name="earth" interval="2000" chance="15" radius="3" target="1" min="-100" max="-150">
			<attribute key="areaEffect" value="poison" />
		</attack>
	</attacks>
	<defenses armor="35" defense="35" />
	<elements>
		<element energyPercent="15" />
		<element icePercent="16" />
		<element holyPercent="25" />
		<element deathPercent="15" />
		<element firePercent="-5" />
	</elements>
	<immunities>
		<immunity earth="1" />
		<immunity paralyze="1" />
		<immunity invisible="1" />
	</immunities>
	<voices interval="5000" chance="10">
		<voice sentence="Knarrrk!" />
	</voices>
	<loot>
		<item id="2148" countmax="100" chance="50000" /><!-- Gold Coin -->
		<item id="2148" countmax="50" chance="50000" /><!-- Gold Coin -->
		<item id="3976" countmax="5" chance="4580" /><!-- Worms -->
		<item id="18436" countmax="2" chance="4870" /><!-- Drill Bolts -->
		<item id="13757" chance="12130" /><!-- Coal -->
		<item id="11222" chance="15000" /><!-- Lump of Earth -->
		<item id="2553" chance="5280" /><!-- Pick -->
		<item id="5880" chance="1750" /><!-- Iron Ore -->
		<item id="7887" chance="2360" /><!-- Terra Amulet -->
		<item id="2515" chance="2240" /><!-- Dwarven Ring -->
		<item id="7452" chance="540" /><!-- Spiked Squelcher -->
		<item id="11339" chance="700" /><!-- Clay Lump -->
		<item id="18429" chance="7280" /><!-- vein of ore -->
		<item id="18427" chance="5400" /><!-- pulverized ore -->
		<item id="18416" chance="9780" /><!-- green crystal splinter -->
		<item id="18417" chance="9260" /><!-- brown crystal splinter -->
		<item id="18418" chance="9610" /><!-- blue crystal splinter -->
	</loot>
</monster>
