<?xml version="1.0" encoding="UTF-8"?>
<monster name="Bloodpaw" nameDescription="bloodpaw" race="blood" experience="50" speed="156" manacost="0">
	<health now="100" max="100" />
	<look type="42" corpse="7349" />
	<flags>
		<flag summonable="0" />
		<flag attackable="1" />
		<flag hostile="1" />
		<flag illusionable="0" />
		<flag convinceable="0" />
		<flag pushable="0" />
		<flag canpushitems="1" />
		<flag targetdistance="1" />
	</flags>
	<attacks>
		<attack name="melee" interval="2000" skill="10" attack="40" />
	</attacks>
	<defenses armor="3" defense="8" />
	<elements>
		<element firePercent="20" />
		<element energyPercent="-10" />
	</elements>
	<immunities>
		<immunity outfit="1" />
		<immunity drunk="1" />
		<immunity invisible="1" />
	</immunities>
</monster>
