<?xml version="1.0" encoding="UTF-8"?>
<monster name="Frostfur" nameDescription="frostfur" race="blood" experience="35" speed="170" manacost="0">
	<health now="65" max="65" />
	<look type="52" corpse="7349" />
	<flags>
		<flag summonable="0" />
		<flag attackable="1" />
		<flag hostile="1" />
		<flag illusionable="0" />
		<flag convinceable="0" />
		<flag pushable="0" />
		<flag canpushitems="1" />
		<flag targetdistance="1" />
	</flags>
	<attacks>
		<attack name="melee" interval="2000" skill="10" attack="30" />
	</attacks>
	<defenses armor="2" defense="3" />
	<elements>
		<element firePercent="20" />
		<element energyPercent="-10" />
	</elements>
	<immunities>
		<immunity outfit="1" />
		<immunity drunk="1" />
		<immunity invisible="1" />
	</immunities>
</monster>
