<?xml version="1.0" encoding="UTF-8"?>
<monster name="Chakoya Windcaller" nameDescription="a chakoya windcaller" race="blood" experience="48" speed="200" manacost="305">
	<health now="84" max="84" />
	<look type="260" corpse="7320" />
	<targetchange interval="60000" chance="0" />
	<flags>
		<flag summonable="0" />
		<flag attackable="1" />
		<flag hostile="1" />
		<flag illusionable="0" />
		<flag convinceable="1" />
		<flag pushable="0" />
		<flag canpushitems="1" />
		<flag staticattack="90" />
		<flag lightlevel="0" />
		<flag lightcolor="0" />
		<flag targetdistance="4" />
		<flag runonhealth="0" />
	</flags>
	<attacks>
		<attack name="melee" interval="2000" skill="12" attack="20" />
		<attack name="ice" interval="2000" chance="15" range="7" min="-16" max="-32">
			<attribute key="shootEffect" value="ice" />
		</attack>
		<attack name="freezecondition" interval="2000" chance="10" target="0" radius="3" min="-130" max="-160">
			<attribute key="areaEffect" value="icearea" />
		</attack>
		<attack name="ice" interval="2000" chance="10" target="0" length="5" spread="2" min="-9" max="-30">
			<attribute key="areaEffect" value="icearea" />
		</attack>
	</attacks>
	<defenses armor="10" defense="10">
		<defense name="invisible" interval="2000" chance="15" duration="3000">
			<attribute key="areaEffect" value="blueshimmer" />
		</defense>
	</defenses>
	<elements>
		<element firePercent="50" />
		<element holyPercent="20" />
		<element energyPercent="-15" />
		<element deathPercent="-10" />
	</elements>
	<immunities>
		<immunity ice="1" />
	</immunities>
	<voices interval="5000" chance="10">
		<voice sentence="Mupi! Si siyoqua jinuma!" />
		<voice sentence="Siqsiq ji jusipa!" />
		<voice sentence="Jagura taluka taqua!" />
		<voice sentence="Quatu nguraka!" />
	</voices>
	<loot>
		<item id="2148" countmax="26" chance="50000" /><!-- gold coin -->
		<item id="2667" countmax="3" chance="29000" /><!-- fish -->
		<item id="2541" chance="950" /><!-- bone shield -->
		<item id="7159" chance="60" /><!-- green perch -->
		<item id="7158" chance="60" /><!-- rainbow trout -->
		<item id="2669" chance="60" /><!-- northern pike -->
		<item id="2460" chance="3250" /><!-- brass helmet -->
	</loot>
</monster>
