<?xml version="1.0" encoding="UTF-8"?>
<monster name="Chakoya Toolshaper" nameDescription="a chakoya toolshaper" race="blood" experience="40" speed="200" manacost="0">
	<health now="80" max="80" />
	<look type="259" corpse="7320" />
	<targetchange interval="60000" chance="0" />
	<flags>
		<flag summonable="0" />
		<flag attackable="1" />
		<flag hostile="1" />
		<flag illusionable="0" />
		<flag convinceable="0" />
		<flag pushable="0" />
		<flag canpushitems="1" />
		<flag staticattack="80" />
		<flag lightlevel="0" />
		<flag lightcolor="0" />
		<flag targetdistance="1" />
		<flag runonhealth="0" />
	</flags>
	<attacks>
		<attack name="melee" interval="2000" skill="25" attack="20" />
		<attack name="physical" interval="2000" chance="10" range="7" radius="3" target="1" min="0" max="-45">
			<attribute key="shootEffect" value="smallstone" />
		</attack>
	</attacks>
	<defenses armor="10" defense="10" />
	<elements>
		<element firePercent="40" />
		<element holyPercent="10" />
		<element energyPercent="-15" />
		<element deathPercent="-5" />
	</elements>
	<immunities>
		<immunity ice="1" />
	</immunities>
	<voices interval="5000" chance="10">
		<voice sentence="Chikuva!!" />
		<voice sentence="Jinuma jamjam!" />
		<voice sentence="Suvituka siq chuqua!" />
		<voice sentence="Kiyosa sipaju!" />
	</voices>
	<loot>
		<item id="2148" countmax="20" chance="60000" /><!-- gold coin -->
		<item id="2667" countmax="2" chance="25000" /><!-- fish -->
		<item id="2398" chance="4000" /><!-- mace-->
		<item id="2553" chance="940" /><!-- pick -->
		<item id="2541" chance="870" /><!-- bone shield -->
		<item id="7381" chance="150" /><!-- mammoth whopper -->
		<item id="7441" chance="470" /><!-- ice cube -->
		<item id="7159" chance="100" /><!-- green perch -->
		<item id="2669" chance="120" /><!-- northern pike -->
		<item id="7158" chance="170" /><!-- rainbow trout -->
	</loot>
</monster>
