<?xml version="1.0" encoding="UTF-8"?>
<monster name="Wailing Widow" nameDescription="a wailing widow" race="venom" experience="450" speed="220" manacost="0">
	<health now="850" max="850" />
	<look type="347" corpse="11310" />
	<targetchange interval="4000" chance="10" />
	<flags>
		<flag summonable="0" />
		<flag attackable="1" />
		<flag hostile="1" />
		<flag illusionable="1" />
		<flag convinceable="0" />
		<flag pushable="0" />
		<flag canpushitems="1" />
		<flag canpushcreatures="1" />
		<flag targetdistance="1" />
		<flag staticattack="90" />
		<flag runonhealth="0" />
	</flags>
	<attacks>
		<attack name="melee" interval="2000" skill="50" attack="40" poison="160" />
		<attack name="drunk" interval="2000" chance="20" range="7" radius="4" target="0" duration="4000">
			<attribute key="areaEffect" value="rednote" />
		</attack>
		<attack name="lifedrain" interval="2000" chance="10" radius="3" target="0" min="-40" max="-70">
			<attribute key="areaEffect" value="redshimmer" />
		</attack>
		<attack name="earth" interval="2000" chance="15" range="7" min="-60" max="-110">
			<attribute key="shootEffect" value="poison" />
		</attack>
	</attacks>
	<defenses armor="20" defense="20">
		<defense name="healing" interval="2000" chance="5" min="70" max="100">
			<attribute key="areaEffect" value="whitenote" />
		</defense>
		<defense name="speed" interval="2000" chance="15" speedchange="820" duration="5000">
			<attribute key="areaEffect" value="yellownote" />
		</defense>
	</defenses>
	<elements>
		<element firePercent="-5" />
		<element holyPercent="5" />
	</elements>
	<immunities>
		<immunity paralyze="1" />
		<immunity invisible="1" />
		<immunity death="1" />
		<immunity earth="1" />
		<immunity lifedrain="1" />
		<immunity drunk="1" />
	</immunities>
	<loot>
		<item id="2148" countmax="100" chance="50000" /><!-- gold coin -->
		<item id="2148" countmax="37" chance="50000" /><!-- gold coin -->
		<item id="11328" chance="20950" /><!-- widow's mandibles -->
		<item id="7618" chance="4761" /><!-- health potion -->
		<item id="2510" chance="2854" /><!-- plate shield -->
		<item id="7620" chance="4785" /><!-- mana potion -->
		<item id="2796" chance="3208" /><!-- green mushroom -->
		<item id="11329" chance="900" /><!-- wailing widow's necklace -->
		<item id="11323" chance="2210" /><!-- zaoan halberd -->
		<item id="2381" chance="4460" /><!-- halberd -->
	</loot>
</monster>
