<?xml version="1.0" encoding="UTF-8"?>
<monster name="Bonelord" nameDescription="a bonelord" race="venom" experience="170" speed="170" manacost="0">
	<health now="260" max="260" />
	<look type="17" corpse="5992" />
	<targetchange interval="4000" chance="10" />
	<flags>
		<flag summonable="0" />
		<flag attackable="1" />
		<flag hostile="1" />
		<flag illusionable="1" />
		<flag convinceable="0" />
		<flag pushable="0" />
		<flag canpushitems="1" />
		<flag canpushcreatures="0" />
		<flag targetdistance="4" />
		<flag staticattack="90" />
		<flag runonhealth="0" />
	</flags>
	<attacks>
		<attack name="melee" interval="2000" skill="10" attack="5" />
		<attack name="energy" interval="2000" chance="5" range="7" min="-15" max="-45">
			<attribute key="shootEffect" value="energy" />
		</attack>
		<attack name="fire" interval="2000" chance="5" range="7" min="-25" max="-45">
			<attribute key="shootEffect" value="fire" />
		</attack>
		<attack name="death" interval="2000" chance="5" range="7" min="-30" max="-50">
			<attribute key="shootEffect" value="suddendeath" />
			<attribute key="areaEffect" value="mortarea" />
			<attribute key="areaEffect" value="smallclouds" />
		</attack>
		<attack name="poison" interval="2000" chance="5" range="7" min="-5" max="-45">
			<attribute key="shootEffect" value="poison" />
		</attack>
		<attack name="death" interval="2000" chance="5" range="7" min="-5" max="-50">
			<attribute key="shootEffect" value="death" />
		</attack>
		<attack name="lifedrain" interval="2000" chance="5" range="7" min="0" max="-45">
			<attribute key="areaEffect" value="redshimmer" />
		</attack>
		<attack name="manadrain" interval="2000" chance="5" range="7" min="-5" max="-35" />
	</attacks>
	<defenses armor="10" defense="10" />
	<elements>
		<element icePercent="20" />
		<element firePercent="-10" />
	</elements>
	<immunities>
		<immunity invisible="1" />
		<immunity earth="1" />
		<immunity lifedrain="1" />
	</immunities>
	<summons maxSummons="6">
		<summon name="Skeleton" interval="2000" chance="20" max="6" />
	</summons>
	<voices interval="5000" chance="10">
		<voice sentence="Eye for eye!" />
		<voice sentence="Here's looking at you!" />
		<voice sentence="Let me take a look at you!" />
		<voice sentence="You've got the look!" />
	</voices>
	<loot>
		<item id="2148" countmax="48" chance="65000" /><!-- gold coin -->
		<item id="2397" chance="8980" /><!-- longsword -->
		<item id="2394" chance="6950" /><!-- morning star -->
		<item id="2175" chance="4650" /><!-- spellbook -->
		<item id="2509" chance="4001" /><!-- steel shield -->
		<item id="2377" chance="3840" /><!-- two handed sword -->
		<item id="5898" chance="940" /><!-- beholder eye -->
		<item id="7620" chance="280" /><!-- mana potion -->
		<item id="2181" chance="570" /><!-- terra rod -->
		<item id="12468" chance="4940" /><!-- small flask of eyedrops -->
		<item id="2518" chance="80" /><!-- beholder shield -->
	</loot>
</monster>
