<?xml version="1.0" encoding="UTF-8"?>
<monster name="Elder Bonelord" nameDescription="an elder bonelord" race="blood" experience="280" speed="180" manacost="0">
	<health now="500" max="500" />
	<look type="108" corpse="6037" />
	<targetchange interval="4000" chance="10" />
	<flags>
		<flag summonable="0" />
		<flag attackable="1" />
		<flag hostile="1" />
		<flag illusionable="1" />
		<flag convinceable="0" />
		<flag pushable="0" />
		<flag canpushitems="1" />
		<flag canpushcreatures="0" />
		<flag targetdistance="4" />
		<flag staticattack="90" />
		<flag runonhealth="0" />
	</flags>
	<attacks>
		<attack name="melee" interval="2000" skill="10" attack="55" />
		<attack name="energy" interval="2000" chance="5" range="7" min="-45" max="-60">
			<attribute key="shootEffect" value="energy" />
		</attack>
		<attack name="fire" interval="2000" chance="5" range="7" min="-40" max="-80">
			<attribute key="shootEffect" value="fire" />
		</attack>
		<attack name="death" interval="2000" chance="10" range="7" min="-45" max="-90">
			<attribute key="shootEffect" value="suddendeath" />
			<attribute key="areaEffect" value="mortarea" />
			<attribute key="areaEffect" value="smallclouds" />
		</attack>
		<attack name="poison" interval="2000" chance="10" range="7" min="-20" max="-40">
			<attribute key="shootEffect" value="poison" />
		</attack>
		<attack name="lifedrain" interval="2000" chance="5" range="7" min="-45" max="-85">
			<attribute key="areaEffect" value="redshimmer" />
		</attack>
		<attack name="manadrain" interval="2000" chance="5" range="7" min="0" max="-40" />
		<attack name="speed" interval="2000" chance="10" range="7" speedchange="-600" duration="20000">
			<attribute key="areaEffect" value="redshimmer" />
		</attack>
	</attacks>
	<defenses armor="15" defense="15" />
	<elements>
		<element energyPercent="20" />
		<element icePercent="30" />
		<element deathPercent="30" />
		<element firePercent="-10" />
	</elements>
	<immunities>
		<immunity earth="1" />
		<immunity lifedrain="1" />
		<immunity invisible="1" />
	</immunities>
	<summons maxSummons="6">
		<summon name="Gazer" interval="2000" chance="10" />
		<summon name="Crypt Shambler" interval="2000" chance="15" />
	</summons>
	<voices interval="5000" chance="10">
		<voice sentence="Let me take a look at you!" />
		<voice sentence="Inferior creatures, bow before my power!" />
	</voices>
	<loot>
		<item id="2148" countmax="86" chance="30000" /><!-- gold coin -->
		<item id="2175" chance="7500" /><!-- spellbook -->
		<item id="2509" chance="6000" /><!-- steel shield -->
		<item id="2377" chance="6000" /><!-- two handed sword -->
		<item id="7364" countmax="5" chance="10000" /><!-- sniper arrow -->
		<item id="7589" chance="1000" /><!-- strong mana potion -->
		<item id="2518" chance="150" /><!-- beholder shield -->
		<item id="3972" chance="150" /><!-- beholder helmet -->
		<item id="12468" chance="10025" /><!-- small flask of eyedrops -->
		<item id="11193" chance="21725" /><!-- elder bonelord tentacle -->
		<item id="11197" chance="850" /><!-- giant eye -->
	</loot>
</monster>
