<?xml version="1.0" encoding="UTF-8"?>
<monster name="Pigeon" nameDescription="a pigeon" race="blood" experience="0" speed="260" manacost="0">
	<health now="30" max="30" />
	<look type="531" corpse="19709" />
	<targetchange interval="4000" chance="0" />
	<flags>
		<flag summonable="0" />
		<flag attackable="1" />
		<flag hostile="0" />
		<flag illusionable="1" />
		<flag convinceable="0" />
		<flag pushable="0" />
		<flag canpushitems="1" />
		<flag canpushcreatures="1" />
		<flag targetdistance="1" />
		<flag staticattack="90" />
		<flag runonhealth="30" />
	</flags>
	<defenses armor="5" defense="5" />
	<voices interval="5000" chance="10">
		<voice sentence="Coooo! Cooo!" />
		<voice sentence="Coo! Coooo! Coo! Cooo!" />
		<voice sentence="Coo! Coo! Coooo!" />
	</voices>
</monster>
