<?xml version="1.0" encoding="UTF-8"?>
<monster name="Dwarf" nameDescription="a dwarf" race="blood" experience="45" speed="180" manacost="320">
	<health now="90" max="90" />
	<look type="69" corpse="6007" />
	<targetchange interval="4000" chance="0" />
	<flags>
		<flag summonable="1" />
		<flag attackable="1" />
		<flag hostile="1" />
		<flag illusionable="1" />
		<flag convinceable="1" />
		<flag pushable="1" />
		<flag canpushitems="0" />
		<flag canpushcreatures="0" />
		<flag targetdistance="1" />
		<flag staticattack="90" />
		<flag runonhealth="0" />
	</flags>
	<attacks>
		<attack name="melee" interval="2000" skill="20" attack="20" />
	</attacks>
	<defenses armor="10" defense="10" />
	<elements>
		<element earthPercent="10" />
		<element firePercent="-5" />
		<element deathPercent="-5" />
	</elements>
	<voices interval="5000" chance="10">
		<voice sentence="Hail Durin!" />
	</voices>
	<loot>
		<item id="2148" countmax="8" chance="35000" /><!-- gold coin -->
		<item id="2787" chance="50000" /><!-- white mushroom -->
		<item id="2388" chance="25000" /><!-- hatchet -->
		<item id="2386" chance="15000" /><!-- axe -->
		<item id="2649" chance="10000" /><!-- leather legs -->
		<item id="2530" chance="10000" /><!-- copper shield -->
		<item id="2597" chance="8000" /><!-- letter -->
		<item id="2553" chance="10000" /><!-- pick -->
		<item id="2484" chance="8000" /><!-- studded armor -->
		<item id="5880" chance="700" /><!-- iron ore -->
		<item id="2213" chance="100" /><!-- dwarven ring -->
	</loot>
</monster>
