<?xml version="1.0" encoding="UTF-8"?>
<monster name="Dwarf Soldier" nameDescription="a dwarf soldier" race="blood" experience="70" speed="170" manacost="360">
	<health now="135" max="135" />
	<look type="71" corpse="6014" />
	<targetchange interval="4000" chance="10" />
	<flags>
		<flag summonable="1" />
		<flag attackable="1" />
		<flag hostile="1" />
		<flag illusionable="1" />
		<flag convinceable="1" />
		<flag pushable="0" />
		<flag canpushitems="1" />
		<flag canpushcreatures="0" />
		<flag targetdistance="1" />
		<flag staticattack="90" />
		<flag runonhealth="0" />
	</flags>
	<attacks>
		<attack name="melee" interval="2000" skill="60" attack="20" />
		<attack name="physical" interval="2000" chance="10" range="7" min="0" max="-60">
			<attribute key="shootEffect" value="bolt" />
		</attack>
	</attacks>
	<defenses armor="15" defense="15" />
	<elements>
		<element earthPercent="10" />
		<element firePercent="-5" />
		<element deathPercent="-5" />
	</elements>
	<voices interval="5000" chance="10">
		<voice sentence="Hail Durin!" />
	</voices>
	<loot>
		<item id="2148" countmax="12" chance="28000" /><!-- gold coin -->
		<item id="2543" countmax="7" chance="40000" /><!-- bolt -->
		<item id="2787" countmax="3" chance="40000" /><!-- white mushroom -->
		<item id="2554" chance="10000" /><!-- shovel -->
		<item id="2481" chance="12000" /><!-- soldier helmet -->
		<item id="2464" chance="8000" /><!-- chain armor -->
		<item id="7363" countmax="3" chance="4000" /><!-- piercing bolt -->
		<item id="2378" chance="2500" /><!-- battle axe -->
		<item id="2455" chance="3000" /><!-- crossbow -->
		<item id="2525" chance="3000" /><!-- dwarven shield -->
		<item id="2208" chance="120" /><!-- axe ring -->
		<item id="5880" chance="300" /><!-- iron ore -->
	</loot>
</monster>
