<?xml version="1.0" encoding="UTF-8"?>
<monster name="Dwarf Geomancer" nameDescription="a dwarf geomancer" race="blood" experience="265" speed="190" manacost="0">
	<health now="380" max="380" />
	<look type="66" corpse="6015" />
	<targetchange interval="4000" chance="10" />
	<flags>
		<flag summonable="0" />
		<flag attackable="1" />
		<flag hostile="1" />
		<flag illusionable="1" />
		<flag convinceable="0" />
		<flag pushable="0" />
		<flag canpushitems="1" />
		<flag canpushcreatures="1" />
		<flag targetdistance="4" />
		<flag staticattack="70" />
		<flag runonhealth="110" />
	</flags>
	<attacks>
		<attack name="earth" interval="2000" chance="20" range="7" min="-50" max="-110">
			<attribute key="shootEffect" value="smallearth" />
			<attribute key="areaEffect" value="greenbubble" />
		</attack>
		<attack name="manadrain" interval="2000" chance="10" range="7" min="-50" max="-80" />
	</attacks>
	<defenses armor="15" defense="15">
		<defense name="healing" interval="2000" chance="40" min="75" max="125">
			<attribute key="areaEffect" value="blueshimmer" />
		</defense>
	</defenses>
	<elements>
		<element earthPercent="20" />
		<element firePercent="60" />
		<element energyPercent="10" />
		<element holyPercent="10" />
		<element icePercent="-5" />
		<element deathPercent="-1" />
	</elements>
	<immunities>
		<immunity invisible="1" />
	</immunities>
	<voices interval="5000" chance="10">
		<voice sentence="Hail Durin!" />
		<voice sentence="Earth is the strongest element." />
		<voice sentence="Dust to dust." />
	</voices>
	<loot>
		<item id="2148" countmax="35" chance="50000" /><!-- gold coin -->
		<item id="2260" chance="33000" /><!-- blank rune -->
		<item id="2787" countmax="2" chance="60000" /><!-- white mushroom -->
		<item id="2643" chance="47500" /><!-- leather boots -->
		<item id="2673" chance="25000" /><!-- pear -->
		<item id="2162" chance="14000" /><!-- magic lightwand -->
		<item id="2175" chance="360" /><!-- Spellbook -->
		<item id="2423" chance="1120" /><!-- Clerical Mace -->
		<item id="2213" chance="530" /><!-- Dwarven ring -->
		<item id="2146" chance="710" /><!-- Small sapphire -->
		<item id="5880" chance="120" /><!-- Iron Ore -->
		<item id="7886" chance="470" /><!-- Terra Boots -->
		<item id="12419" chance="7000" /><!-- Geomancer's Staff -->
		<item id="12414" chance="8000" /><!-- Geomancer's Robe -->
	</loot>
</monster>
