<?xml version="1.0" encoding="UTF-8"?>
<monster name="Lost Husher" nameDescription="a lost husher" race="blood" experience="1800" speed="220" manacost="0">
	<health now="1600" max="1600" />
	<look type="537" corpse="19964" />
	<targetchange interval="4000" chance="10" />
	<flags>
		<flag summonable="0" />
		<flag attackable="1" />
		<flag hostile="1" />
		<flag illusionable="1" />
		<flag convinceable="0" />
		<flag pushable="0" />
		<flag canpushitems="1" />
		<flag canpushcreatures="1" />
		<flag targetdistance="4" />
		<flag staticattack="90" />
		<flag runonhealth="0" />
	</flags>
	<attacks>
		<attack name="death" interval="2000" chance="10" length="6" spread="0" min="-150" max="-300">
			<attribute key="areaEffect" value="blacksmoke" />
		</attack>
		<attack name="manadrain" interval="2000" chance="10" radius="5" target="0" spread="0" min="-150" max="-250">
			<attribute key="areaEffect" value="blacksmoke" />
		</attack>
		<attack name="death" interval="2000" chance="10" range="7" min="-150" max="-200">
			<attribute key="shootEffect" value="suddendeath" />
			<attribute key="areaEffect" value="smallclouds" />
			<attribute key="areaEffect" value="mortarea" />
		</attack>
		<attack name="earth" interval="2000" chance="10" range="7" target="1" radius="2" min="-150" max="-250">
			<attribute key="shootEffect" value="smallearth" />
			<attribute key="areaEffect" value="greenshimmer" />
		</attack>
		<attack name="drunk" interval="2000" chance="10" target="0" radius="4" duration="6000">
			<attribute key="areaEffect" value="rednote" />
		</attack>
	</attacks>
	<defenses armor="25" defense="25">
		<defense name="healing" interval="2000" chance="15" min="75" max="92">
			<attribute key="areaEffect" value="yellowenergy" />
		</defense>
		<defense name="invisible" interval="2000" chance="15" duration="5000">
			<attribute key="areaEffect" value="teleport" />
		</defense>
	</defenses>
	<elements>
		<element holyPercent="-5" />
		<element icePercent="5" />
		<element energyPercent="15" />
		<element physicalPercent="5" />
		<element firePercent="40" />
		<element deathPercent="5" />
	</elements>
	<immunities>
		<immunity earth="1" />
		<immunity paralyze="1" />
		<immunity invisible="1" />
	</immunities>
	<voices interval="5000" chance="10">
		<voice sentence="Arr far zwar!" />
	</voices>
	<loot>
		<item id="2148" countmax="100" chance="50000" /><!-- Gold Coin -->
		<item id="2152" countmax="2" chance="58670" /><!-- Platinum Coin -->
		<item id="2789" countmax="2" chance="14920" /><!-- Brown Mushroom -->
		<item id="20135" chance="8510" /><!-- Basalt Fetish -->
		<item id="7588" countmax="3" chance="11050" /><!-- SHP -->
		<item id="7590" countmax="2" chance="10770" /><!-- GMP -->
		<item id="9970" chance="9780" /><!-- Small Topazes -->
		<item id="20137" chance="8560" /><!-- Basalt Figurine -->
		<item id="20109" chance="8180" /><!-- Bonecarving Knife -->
		<item id="20110" chance="8510" /><!-- Bone Fetish -->
		<item id="20128" chance="9280" /><!-- Skull Shatterer -->
		<item id="13757" chance="10930" /><!-- Coal -->
		<item id="20129" chance="12320" /><!-- Holy Ash -->
		<item id="20127" chance="8950" /><!-- Lost Husher's Staff -->
		<item id="20134" chance="15580" /><!-- Red Hair Dye -->
		<item id="20126" chance="11330" /><!-- Wimp Tooth Chain -->
		<item id="11339" chance="500" /><!-- Clay Lump -->
		<item id="2215" chance="2870" /><!-- Dwarven Ring -->
		<item id="2515" chance="830" /><!-- Guardian Shield -->
		<item id="7750" chance="770" /><!-- Knight Axe -->
		<item id="7452" chance="50" /><!-- Spiked Squelcher -->
		<item id="2528" chance="440" /><!-- Tower Shield -->
		<item id="20109" chance="770" /><!-- buckle -->
		<item id="2436" chance="280" /><!-- Skull Staff -->
		<item id="7886" chance="880" /><!-- terra boots -->
		<item id="2432" chance="330" /><!-- fire axe -->
		<item id="7885" chance="50" /><!-- terra legs -->
	</loot>
</monster>
