<?xml version="1.0" encoding="UTF-8"?>
<monster name="Lost Thrower" nameDescription="a lost thrower" race="blood" experience="1200" speed="220" manacost="0">
	<health now="1700" max="1700" />
	<look type="539" corpse="19998" />
	<targetchange interval="4000" chance="10" />
	<flags>
		<flag summonable="0" />
		<flag attackable="1" />
		<flag hostile="1" />
		<flag illusionable="1" />
		<flag convinceable="0" />
		<flag pushable="0" />
		<flag canpushitems="1" />
		<flag canpushcreatures="1" />
		<flag targetdistance="4" />
		<flag staticattack="90" />
		<flag runonhealth="0" />
	</flags>
	<attacks>
		<attack name="melee" interval="2000" skill="76" attack="70" />
		<attack name="physical" interval="2000" chance="20" range="7" target="1" radius="1" min="0" max="-250">
			<attribute key="shootEffect" value="throwingstar" />
			<attribute key="areaEffect" value="explosionarea" />
		</attack>
		<attack name="physical" interval="2000" chance="5" range="7" target="0" radius="2">
			<attribute key="areaEffect" value="redshimmer" />
		</attack>
		<attack name="physical" interval="2000" chance="10" range="7" target="1" radius="2" min="-150" max="-300" >
			<attribute key="shootEffect" value="whirlwindclub" />
			<attribute key="areaEffect" value="stun" />
		</attack>
		<attack name="drunk" interval="2000" chance="10" target="1" radius="3" duration="6000">
			<attribute key="shootEffect" value="whirlwindaxe" />
			<attribute key="areaEffect" value="explosionarea" />
		</attack>
	</attacks>
	<defenses armor="30" defense="30">
		<defense name="healing" interval="2000" chance="5" min="100" max="500">
			<attribute key="areaEffect" value="blueshimmer" />
		</defense>
		<defense name="invisible" interval="2000" chance="10" duration="5000">
			<attribute key="areaEffect" value="teleport" />
		</defense>
	</defenses>
	<elements>
		<element deathPercent="5" />
		<element icePercent="5" />
		<element energyPercent="15" />
		<element firePercent="40" />
	</elements>
	<immunities>
		<immunity earth="1" />
		<immunity paralyze="1" />
		<immunity invisible="1" />
	</immunities>
	<loot>
		<item id="2148" countmax="100" chance="50000" /><!-- Gold Coin -->
		<item id="2148" countmax="37" chance="50000" /><!-- Gold Coin -->
		<item id="2152" countmax="2" chance="70000" /><!-- Platinum Coin -->
		<item id="2789" countmax="2" chance="14500" /><!-- Brown Mushroom -->
		<item id="20133" chance="14860" /><!-- Mad Froth -->
		<item id="20132" chance="13560" /><!-- Lost Bracers -->
		<item id="20137" chance="7900" /><!-- Basalt Figurine -->
		<item id="20136" chance="6150" /><!-- Basalt Fetish -->
		<item id="20131" chance="1390" /><!-- Helmet of The Lost -->
		<item id="20130" chance="15670" /><!-- Broken Throwing Axe -->
		<item id="20106" chance="11410" /><!-- Bloody Dwarven Beard -->
		<item id="20134" chance="11810" /><!-- Red Hair Dye -->
		<item id="5880" chance="9470" /><!-- Iron Ore -->
		<item id="20109" chance="850" /><!-- buckle -->
		<item id="7591" chance="14730" /><!-- great health potion -->
		<item id="7590" chance="13470" /><!-- great mana potion -->
		<item id="13757" chance="12180" /><!-- coal -->
	</loot>
</monster>
