<?xml version="1.0" encoding="UTF-8"?>
<monster name="Askarak Prince" nameDescription="an askarak prince" race="venom" experience="1700" speed="240" manacost="0">
	<health now="2600" max="2600" />
	<look type="419" corpse="13957" />
	<targetchange interval="4000" chance="10" />
	<flags>
		<flag summonable="0" />
		<flag attackable="1" />
		<flag hostile="1" />
		<flag illusionable="0" />
		<flag convinceable="0" />
		<flag pushable="0" />
		<flag canpushitems="1" />
		<flag canpushcreatures="1" />
		<flag targetdistance="1" />
		<flag staticattack="80" />
		<flag runonhealth="0" />
	</flags>
	<attacks>
		<attack name="melee" interval="2000" skill="75" attack="83" />
		<attack name="earth" interval="2000" chance="20" range="7" radius="6" target="0" min="-70" max="-250">
			<attribute key="shootEffect" value="poison" />
			<attribute key="areaEffect" value="greenbubble" />
		</attack>
		<attack name="earth" interval="2000" chance="15" target="0" length="4" spread="3" min="-100" max="-200">
			<attribute key="areaEffect" value="greenbubble" />
		</attack>
		<attack name="speed" interval="2000" chance="15" radius="1" target="1" speedchange="-700" duration="15000">
			<attribute key="areaEffect" value="redshimmer" />
		</attack>
	</attacks>
	<defenses armor="30" defense="30" />
	<elements>
		<element energyPercent="50" />
		<element icePercent="50" />
		<element firePercent="-10" />
	</elements>
	<immunities>
		<immunity earth="1" />
		<immunity paralyze="1" />
		<immunity invisible="1" />
	</immunities>
	<voices interval="5000" chance="10">
		<voice sentence="DEATH TO THE SHABRUAK!" />
	</voices>
	<loot>
		<item id="2148" countmax="100" chance="50000" /><!-- gold coin -->
		<item id="2148" countmax="86" chance="50000" /><!-- gold coin -->
		<item id="2152" countmax="4" chance="35333" /><!-- platinum coin -->
		<item id="7589" chance="14285" /><!-- strong mana potion -->
		<item id="7588" chance="14285" /><!-- strong health potion -->
		<item id="2149" countmax="5" chance="12500" /><!-- small emerald -->
		<item id="2789" countmax="5" chance="6666" /><!-- brown mushroom -->
		<item id="2165" chance="4545" /><!-- stealth ring -->
		<item id="7440" chance="1315" /><!-- mastermind potion -->
		<item id="8912" chance="950" /><!-- springsprout rod -->
		<item id="5904" chance="740" /><!-- magic sulphur -->
		<item id="7884" chance="840" /><!-- terra mantle -->
		<item id="13530" chance="420" /><!-- demonic finger -->
		<item id="2393" chance="320" /><!-- giant sword -->
	</loot>
</monster>
