<?xml version="1.0" encoding="UTF-8"?>
<monster name="Hellspawn" nameDescription="a hellspawn" experience="2550" speed="260" race="fire" manacost="0">
	<health now="3500" max="3500" />
	<targetchange interval="4000" chance="15" />
	<look type="322" corpse="9923" />
	<flags>
		<flag summonable="0" />
		<flag attackable="1" />
		<flag hostile="1" />
		<flag illusionable="0" />
		<flag convinceable="0" />
		<flag pushable="0" />
		<flag canpushitems="1" />
		<flag canpushcreatures="1" />
		<flag targetdistance="1" />
		<flag staticattack="90" />
		<flag runonhealth="0" />
	</flags>
	<attacks>
		<attack name="melee" interval="2000" skill="70" attack="88" />
		<attack name="fireball" interval="2000" chance="20" min="-150" max="-175" />
		<attack name="hellspawn soulfire" interval="2000" range="5" chance="10" />
	</attacks>
	<defenses armor="40" defense="40">
		<defense name="healing" interval="2000" chance="10" min="120" max="230">
			<attribute key="areaEffect" value="blueshimmer" />
		</defense>
		<defense name="speed" interval="2000" chance="15" speedchange="270" duration="5000">
			<attribute key="areaEffect" value="redshimmer" />
		</defense>
	</defenses>
	<elements>
		<element physicalPercent="20" />
		<element energyPercent="10" />
		<element firePercent="40" />
		<element deathPercent="-5" />
		<element icePercent="-10" />
		<element holyPercent="30" />
		<element earthPercent="80" />
	</elements>
	<immunities>
		<immunity paralyze="1" />
		<immunity invisible="1" />
	</immunities>
	<voices interval="5000" chance="10">
		<voice sentence="Your fragile bones are like toothpicks to me." />
		<voice sentence="You little weasel will not live to see another day." />
		<voice sentence="I'm just a messenger of what's yet to come." />
		<voice sentence="HRAAAAAAAAAAAAAAAARRRR" yell="1" />
		<voice sentence="I'm taking you down with me!" />
	</voices>
	<loot>
		<item id="2148" countmax="100" chance="60000" /><!-- gold coin -->
		<item id="2148" countmax="100" chance="60000" /><!-- gold coin -->
		<item id="2148" countmax="36" chance="60000" /><!-- gold coin -->
		<item id="7591" chance="40333" /><!-- great health potion -->
		<item id="11221" chance="20000" /><!-- hellspawn tail -->
		<item id="2413" chance="10000" /><!-- battle shield -->
		<item id="2394" chance="10000" /><!-- morning star -->
		<item id="7368" countmax="2" chance="9090" /><!-- assassin stars -->
		<item id="8473" chance="9090" /><!-- ultimate health potion -->
		<item id="6500" chance="9090" /><!-- demonic essence -->
		<item id="2788" countmax="2" chance="7692" /><!-- red mushroom -->
		<item id="9970" countmax="3" chance="5882" /><!-- small topaz -->
		<item id="9810" chance="3125" /><!-- rusty armor -->
		<item id="9809" chance="3125" /><!-- rusty armor -->
		<item id="2477" chance="3030" /><!-- knight legs -->
		<item id="2475" chance="1886" /><!-- warrior helmet -->
		<item id="7452" chance="970" /><!-- spiked squelcher -->
		<item id="7439" chance="934" /><!-- berserk potion -->
		<item id="9969" chance="151" /><!-- black skull -->
		<item id="9948" chance="140" /><!-- dracoyle statue -->
		<item id="7421" chance="103" /><!-- onyx fail -->
	</loot>
</monster>
