<?xml version="1.0" encoding="UTF-8"?>
<monster name="" nameDescription="" race="undead" experience="" speed="" manacost="">
	<health now="" max="" />
	<look type="" corpse="" />
	<targetchange interval="3000" chance="5" />
	<flags>
		<flag summonable="1" />
		<flag attackable="1" />
		<flag hostile="1" />
		<flag illusionable="1" />
		<flag convinceable="0" />
		<flag pushable="0" />
		<flag canpushitems="1" />
		<flag canpushcreatures="1" />
		<flag targetdistance="1" />
		<flag staticattack="95" />
		<flag runonhealth="0" />
	</flags>
	<attacks>
	</attacks>
	<defenses armor="" defense="">
	</defenses>
	<elements>
	</elements>
	<immunities>
		<immunity invisible="1" />
	</immunities>
	<voices interval="5000" chance="10">
		<voice sentence="" />
	</voices>
	<loot>
	</loot>
</monster>
