<?xml version="1.0" encoding="UTF-8"?>
<monster name="Shaburak Demon" nameDescription="a shaburak demon" race="fire" experience="900" speed="220" manacost="0">
	<health now="1500" max="1500" />
	<look type="417" corpse="13814" />
	<targetchange interval="4000" chance="10" />
	<flags>
		<flag summonable="0" />
		<flag attackable="1" />
		<flag hostile="1" />
		<flag illusionable="0" />
		<flag convinceable="0" />
		<flag pushable="0" />
		<flag canpushitems="1" />
		<flag canpushcreatures="1" />
		<flag targetdistance="1" />
		<flag staticattack="80" />
		<flag runonhealth="0" />
	</flags>
	<attacks>
		<attack name="melee" interval="2000" skill="40" attack="45" />
		<attack name="fire" interval="2000" chance="20" range="7" radius="6" target="0" min="-20" max="-60">
			<attribute key="shootEffect" value="fire" />
			<attribute key="areaEffect" value="fireattack" />
		</attack>
		<attack name="fire" interval="2000" chance="15" target="0" length="4" spread="3" min="-70" max="-140">
			<attribute key="areaEffect" value="fire" />
		</attack>
		<attack name="fire" interval="2000" chance="10" target="0" length="4" spread="0" min="-130" max="-170">
			<attribute key="areaEffect" value="fireattack" />
		</attack>
		<attack name="speed" interval="2000" chance="10" radius="1" target="1" speedchange="-600" duration="15000">
			<attribute key="areaEffect" value="redshimmer" />
		</attack>
	</attacks>
	<defenses armor="15" defense="15">
		<defense name="healing" interval="2000" chance="5" min="100" max="150">
			<attribute key="areaEffect" value="blueshimmer" />
		</defense>
	</defenses>
	<elements>
		<element energyPercent="50" />
		<element icePercent="50" />
		<element earthPercent="-30" />
	</elements>
	<immunities>
		<immunity fire="1" />
		<immunity invisible="1" />
	</immunities>
	<voices interval="5000" chance="10">
		<voice sentence="GREEN IS MEAN!" yell="1" />
		<voice sentence="WE RULE!" yell="1" />
		<voice sentence="POWER TO THE SHABURAK!" yell="1" />
		<voice sentence="DEATH TO THE ASKARAK!" />
	</voices>
	<loot>
		<item id="2148" countmax="100" chance="50000" /><!-- gold coin -->
		<item id="2148" countmax="100" chance="50000" /><!-- gold coin -->
		<item id="2148" countmax="50" chance="50000" /><!-- gold coin -->
		<item id="7378" countmax="6" chance="10000" /><!-- royal spear -->
		<item id="7589" chance="5000" /><!-- strong mana potion -->
		<item id="7588" chance="4761" /><!-- strong health potion -->
		<item id="2147" countmax="5" chance="4761" /><!-- small rubies -->
		<item id="2789" chance="3846" /><!-- brown mushroom -->
		<item id="2167" chance="1052" /><!-- energy ring -->
		<item id="2114" chance="1030" /><!-- piggy bank -->
		<item id="7443" chance="628" /><!-- bullseye potion -->
		<item id="2187" chance="564" /><!-- wand of inferno -->
		<item id="7894" chance="155" /><!-- magma legs -->
		<item id="5904" chance="81" /><!-- magic sulphur -->
	</loot>
</monster>
