<?xml version="1.0" encoding="UTF-8"?>
<monster name="Shaburak Prince" nameDescription="a shaburak Prince" race="fire" experience="1700" speed="240" manacost="0">
	<health now="2600" max="2600" />
	<look type="418" corpse="13969" />
	<targetchange interval="4000" chance="10" />
	<flags>
		<flag summonable="0" />
		<flag attackable="1" />
		<flag hostile="1" />
		<flag illusionable="0" />
		<flag convinceable="0" />
		<flag pushable="0" />
		<flag canpushitems="1" />
		<flag canpushcreatures="1" />
		<flag targetdistance="1" />
		<flag staticattack="80" />
		<flag runonhealth="0" />
	</flags>
	<attacks>
		<attack name="melee" interval="2000" skill="75" attack="75" />
		<attack name="fire" interval="2000" chance="20" range="7" radius="6" target="0" min="-40" max="-90">
			<attribute key="shootEffect" value="fire" />
			<attribute key="areaEffect" value="fireattack" />
		</attack>
		<attack name="fire" interval="2000" chance="15" target="0" length="4" spread="3" min="-100" max="-200">
			<attribute key="areaEffect" value="fireattack" />
		</attack>
		<attack name="fire" interval="2000" chance="10" target="0" length="4" spread="0" min="-150" max="-250">
			<attribute key="areaEffect" value="fire" />
		</attack>
		<attack name="speed" interval="2000" chance="15" radius="1" target="1" speedchange="-700" duration="15000">
			<attribute key="areaEffect" value="redshimmer" />
		</attack>
	</attacks>
	<defenses armor="30" defense="30">
		<defense name="healing" interval="2000" chance="15" min="100" max="150">
			<attribute key="areaEffect" value="blueshimmer" />
		</defense>
	</defenses>
	<elements>
		<element energyPercent="50" />
		<element icePercent="50" />
		<element earthPercent="-30" />
	</elements>
	<immunities>
		<immunity fire="1" />
	</immunities>
	<voices interval="5000" chance="10">
		<voice sentence="GREEN IS MEAN!" yell="1" />
		<voice sentence="WE RULE!" yell="1" />
		<voice sentence="POWER TO THE SHABURAK!" yell="1" />
		<voice sentence="DEATH TO THE ASKARAK!" />
		<voice sentence="ONLY WE ARE TRUE DEMONS!" />
	</voices>
	<loot>
		<item id="2148" countmax="100" chance="50000" /><!-- gold coin -->
		<item id="2148" countmax="78" chance="50000" /><!-- gold coin -->
		<item id="2152" countmax="4" chance="33333" /><!-- platinum coin -->
		<item id="7589" chance="14285" /><!-- Strong Mana Potion -->
		<item id="7588" chance="14285" /><!-- Strong Health Potion -->
		<item id="2147" countmax="5" chance="12500" /><!-- Small Rubies -->
		<item id="2165" chance="5000" /><!-- Stealth Ring -->
		<item id="2789" chance="4545" /><!-- Brown Mushroom -->
		<item id="2187" chance="892" /><!-- Wand of Inferno -->
		<item id="7443" chance="714" /><!-- Bullseye Potion -->
		<item id="7899" chance="714" /><!-- Magma Coat -->
		<item id="5904" chance="534" /><!-- magic sulphur -->
		<item id="7412" chance="357" /><!-- Butcher's Axe -->
		<item id="13530" chance="178" /><!-- Demonic Finger -->
		<item id="2645" chance="89" /><!-- Steel Boots -->
	</loot>
</monster>
