<?xml version="1.0" encoding="UTF-8"?>
<monster name="Essence of Darkness" nameDescription="a essence of darkness" race="undead" experience="30" speed="230" manacost="0">
	<health now="1000" max="1000" />
	<look type="315" corpse="9960" />
	<targetchange interval="5000" chance="0" />
	<flags>
		<flag summonable="0" />
		<flag attackable="1" />
		<flag hostile="1" />
		<flag illusionable="0" />
		<flag convinceable="0" />
		<flag pushable="0" />
		<flag canpushitems="1" />
		<flag canpushcreatures="0" />
		<flag targetdistance="1" />
		<flag staticattack="85" />
		<flag runonhealth="0" />
	</flags>
	<attacks>
		<attack name="melee" interval="2000" skill="30" attack="50" />
	</attacks>
	<defenses armor="10" defense="10" />
	<elements>
		<element firePercent="98" />
		<element holyPercent="80" />
	</elements>
	<immunities>
		<immunity physical="1" />
		<immunity death="1" />
		<immunity energy="1" />
		<immunity ice="1" />
		<immunity earth="1" />
		<immunity lifedrain="1" />
	</immunities>
</monster>
