<?xml version="1.0" encoding="UTF-8"?>
<monster name="Corym Skirmisher" nameDescription="a corym skirmisher" race="blood" experience="260" speed="200" manacost="0">
	<health now="450" max="450" />
	<look type="533" legs="101" corpse="19726" />
	<targetchange interval="4000" chance="10" />
	<flags>
		<flag summonable="0" />
		<flag attackable="1" />
		<flag hostile="1" />
		<flag illusionable="1" />
		<flag convinceable="0" />
		<flag pushable="0" />
		<flag canpushitems="1" />
		<flag canpushcreatures="1" />
		<flag targetdistance="1" />
		<flag staticattack="90" />
		<flag runonhealth="0" />
	</flags>
	<attacks>
		<attack name="melee" interval="2000" skill="45" attack="40" />
		<attack name="physical" interval="2000" chance="20" range="7" min="0" max="-90">
			<attribute key="shootEffect" value="whirlwindclub" />
		</attack>
	</attacks>
	<defenses armor="15" defense="15" />
	<elements>
		<element earthPercent="20" />
		<element deathPercent="20" />
		<element energyPercent="20" />
		<element holyPercent="-20" />
	</elements>
	<immunities>
		<immunity paralyze="1" />
		<immunity invisible="1" />
	</immunities>
	<voices interval="5000" chance="10">
		<voice sentence="Squeak! Squeak!" />
		<voice sentence="&lt;sniff&gt;&lt;sniff&gt;&lt;sniff&gt;" />
	</voices>
	<loot>
		<item id="2148" countmax="45" chance="50000" /><!-- gold coin -->
		<item id="2696" chance="20000" /><!-- cheese -->
		<item id="20101" chance="16666" /><!-- rat cheese -->
		<item id="20100" chance="14285" /><!-- soft cheese -->
		<item id="20099" chance="9090" /><!-- earflap -->
		<item id="20097" chance="8333" /><!-- cheese cutter -->
		<item id="20089" chance="7692" /><!-- bola -->
		<item id="20093" chance="2941" /><!-- life preserver -->
		<item id="20092" chance="2702" /><!-- ratana -->
		<item id="20098" chance="854" /><!-- cheesy figurine -->
		<item id="20090" chance="645" /><!-- spike shield -->
		<item id="20126" chance="561" /><!-- leather harness -->
		<item id="20105" chance="12" /><!-- rat god doll -->
	</loot>
</monster>
