<?xml version="1.0" encoding="UTF-8"?>
<monster name="Little Corym Charlatan" nameDescription="a little corym charlatan" race="blood" experience="40" speed="170" manacost="0">
	<health now="90" max="90" />
	<look type="532" body="97" legs="116" corpse="19729" />
	<targetchange interval="5000" chance="0" />
	<flags>
		<flag summonable="0" />
		<flag attackable="1" />
		<flag hostile="1" />
		<flag illusionable="1" />
		<flag convinceable="0" />
		<flag pushable="0" />
		<flag canpushitems="1" />
		<flag canpushcreatures="1" />
		<flag targetdistance="1" />
		<flag staticattack="90" />
		<flag runonhealth="0" />
	</flags>
	<attacks>
		<attack name="melee" interval="2000" skill="10" attack="10" />
	</attacks>
	<defenses armor="10" defense="10" />
	<voices interval="5000" chance="10">
		<voice sentence="Squeeeeeeak!" />
		<voice sentence="Must have it! Must have it!" />
		<voice sentence="Gimme! Gimme!" />
	</voices>
</monster>
