<?xml version="1.0" encoding="UTF-8"?>
<monster name="Jellyfish" nameDescription="a Jellyfish" race="undead" experience="0" speed="170" manacost="0">
	<health now="55" max="55" />
	<look type="452" corpse="15284" />
	<targetchange interval="4000" chance="10" />
	<flags>
		<flag summonable="0" />
		<flag attackable="1" />
		<flag hostile="1" />
		<flag illusionable="0" />
		<flag convinceable="0" />
		<flag pushable="1" />
		<flag canpushitems="1" />
		<flag canpushcreatures="1" />
		<flag targetdistance="0" />
		<flag runonhealth="0" />
		<flag staticattack="80" />
	</flags>
	<immunities>
		<immunity fire="1" />
		<immunity earth="1" />
		<immunity invisible="1" />
		<immunity drown="1" />
	</immunities>
	<attacks>
		<attack name="melee" interval="2000" skill="10" attack="10" />
	</attacks>
	<defenses armor="10" defense="10">
		<defense name="invisible" interval="2000" chance="15" duration="3000" />
	</defenses>
	<voices interval="5000" chance="10">
		<voice sentence="Luuurrrp" />
	</voices>
	<loot>
		<item id="2670" chance="8333" /><!-- shrimp -->
	</loot>
</monster>
